time,open,high,low,close,volume
2026-07-09T13:30:00+00:00,0.7077700000000013,0.7081500000000014,0.7076600000000014,0.7081500000000014,5353
2026-07-09T14:00:00+00:00,0.7081500000000014,0.7085200000000014,0.7077600000000014,0.7081700000000014,5559
2026-07-09T14:30:00+00:00,0.7081700000000014,0.7083500000000014,0.7076700000000014,0.7078500000000014,5077
2026-07-09T15:00:00+00:00,0.7078500000000014,0.7084800000000014,0.7076600000000014,0.7083800000000013,4218
2026-07-09T15:30:00+00:00,0.7083800000000013,0.7086700000000014,0.7081900000000014,0.7084000000000014,3426
2026-07-09T16:00:00+00:00,0.7084000000000014,0.7087500000000014,0.7082800000000014,0.7083600000000014,2597
2026-07-09T16:30:00+00:00,0.7083600000000014,0.7084000000000014,0.7081100000000013,0.7081600000000013,2102
2026-07-09T17:00:00+00:00,0.7081600000000013,0.7085300000000014,0.7081200000000014,0.7085200000000014,2125
2026-07-09T17:30:00+00:00,0.7085200000000014,0.7086400000000014,0.7083900000000014,0.7085500000000013,1768
2026-07-09T18:00:00+00:00,0.7085500000000013,0.7086100000000014,0.7081700000000014,0.7082300000000014,1960
2026-07-09T18:30:00+00:00,0.7082300000000014,0.7083800000000013,0.7081700000000014,0.7083400000000014,1281
2026-07-09T19:00:00+00:00,0.7083400000000014,0.7084000000000014,0.7080700000000014,0.7081200000000014,1657
2026-07-09T19:30:00+00:00,0.7081200000000014,0.7081200000000014,0.7078200000000014,0.7079900000000013,1654
2026-07-09T20:00:00+00:00,0.7079900000000013,0.7081900000000014,0.7079700000000014,0.7080800000000014,618
2026-07-09T20:30:00+00:00,0.7080800000000014,0.7082300000000014,0.7080500000000014,0.7080900000000014,1021.991941917983
2026-07-09T21:00:00+00:00,0.7080900000000014,0.7081100000000015,0.7073200000000015,0.7076100000000014,3732.8554608837735
2026-07-09T21:30:00+00:00,0.7076100000000014,0.7077800000000014,0.7075200000000015,0.7075200000000015,2168
2026-07-09T22:00:00+00:00,0.7075200000000015,0.7081100000000015,0.7075200000000015,0.7079800000000015,2058
2026-07-09T22:30:00+00:00,0.7079800000000015,0.7080300000000015,0.7079300000000015,0.7080000000000014,274
2026-07-09T23:00:00+00:00,0.7080000000000014,0.7081100000000015,0.7080000000000014,0.7081000000000015,539
2026-07-09T23:30:00+00:00,0.7081000000000015,0.7081900000000014,0.7080300000000015,0.7081900000000014,621
2026-07-10T00:00:00+00:00,0.7081900000000014,0.7083100000000014,0.7075500000000015,0.7076300000000014,2683
2026-07-10T00:30:00+00:00,0.7076300000000014,0.7085700000000015,0.7072500000000015,0.7084200000000015,3307
2026-07-10T01:00:00+00:00,0.7084200000000015,0.7089900000000015,0.7081800000000015,0.7086700000000015,4630
2026-07-10T01:30:00+00:00,0.7086700000000015,0.7092500000000015,0.7082100000000014,0.7088800000000015,4224
2026-07-10T02:00:00+00:00,0.7088800000000015,0.7101100000000015,0.7087200000000015,0.7098500000000014,4444
2026-07-10T02:30:00+00:00,0.7098500000000014,0.7108700000000014,0.7096100000000014,0.7106000000000015,3813
2026-07-10T03:00:00+00:00,0.7106000000000015,0.7107500000000014,0.7100500000000014,0.7102400000000014,2723
2026-07-10T03:30:00+00:00,0.7102400000000014,0.7103000000000015,0.7098000000000014,0.7099200000000014,2241
2026-07-10T04:00:00+00:00,0.7099200000000014,0.7099200000000014,0.7094100000000014,0.7096100000000014,1828
2026-07-10T04:30:00+00:00,0.7096100000000014,0.7096100000000014,0.7091800000000015,0.7093300000000015,1834
2026-07-10T05:00:00+00:00,0.7093300000000015,0.7095000000000015,0.7087300000000014,0.7087500000000014,2689
2026-07-10T05:30:00+00:00,0.7087500000000014,0.7090300000000015,0.7085000000000015,0.7087500000000014,2736
2026-07-10T06:00:00+00:00,0.7087500000000014,0.7093500000000015,0.7087100000000015,0.7088700000000014,4056
2026-07-10T06:30:00+00:00,0.7088700000000014,0.7093100000000014,0.7087200000000015,0.7088800000000015,3413
2026-07-10T07:00:00+00:00,0.7088800000000015,0.7089800000000015,0.7086000000000015,0.7087000000000014,3610
2026-07-10T07:30:00+00:00,0.7087000000000014,0.7088700000000014,0.7082700000000015,0.7084300000000014,3414
2026-07-10T08:00:00+00:00,0.7084300000000014,0.7087300000000014,0.7081500000000015,0.7082600000000014,3898
2026-07-10T08:30:00+00:00,0.7082600000000014,0.7084100000000014,0.7080300000000015,0.7081700000000014,3628
2026-07-10T09:00:00+00:00,0.7081700000000014,0.7084100000000014,0.7080600000000015,0.7082200000000014,2278
2026-07-10T09:30:00+00:00,0.7082200000000014,0.7086300000000014,0.7081200000000014,0.7084500000000015,2001
2026-07-10T10:00:00+00:00,0.7084500000000015,0.7091100000000015,0.7084500000000015,0.7090700000000014,2012
2026-07-10T10:30:00+00:00,0.7090700000000014,0.7091400000000014,0.7086900000000015,0.7087000000000014,2302
2026-07-10T11:00:00+00:00,0.7087000000000014,0.7088400000000015,0.7082200000000014,0.7083200000000015,2718
2026-07-10T11:30:00+00:00,0.7083200000000015,0.7088700000000014,0.7081400000000014,0.7087900000000015,2802
2026-07-10T12:00:00+00:00,0.7087900000000015,0.7096900000000015,0.7085600000000014,0.7088500000000014,5441
2026-07-10T12:30:00+00:00,0.7088500000000014,0.7090900000000014,0.7084400000000014,0.7088800000000015,3908
2026-07-10T13:00:00+00:00,0.7088800000000015,0.7090500000000014,0.7085600000000014,0.7087700000000015,3566
2026-07-10T13:30:00+00:00,0.7087700000000015,0.7092600000000014,0.7086100000000014,0.7087200000000015,5968
2026-07-10T14:00:00+00:00,0.7087200000000015,0.7090900000000014,0.7085000000000015,0.7089000000000014,5451
2026-07-10T14:30:00+00:00,0.7089000000000014,0.7090500000000014,0.7074500000000015,0.7084700000000015,10079
2026-07-10T15:00:00+00:00,0.7084700000000015,0.7097100000000015,0.7083100000000014,0.7095900000000015,6051
2026-07-10T15:30:00+00:00,0.7095900000000015,0.7098200000000014,0.7093300000000015,0.7097500000000014,5043
2026-07-10T16:00:00+00:00,0.7097500000000014,0.7104000000000015,0.7096600000000014,0.7102900000000014,4081
2026-07-10T16:30:00+00:00,0.7102900000000014,0.7103700000000015,0.7097100000000015,0.7097200000000015,3359
2026-07-10T17:00:00+00:00,0.7097200000000015,0.7098100000000015,0.7094800000000014,0.7095700000000015,3001
2026-07-10T17:30:00+00:00,0.7095700000000015,0.7096400000000015,0.7091700000000014,0.7091900000000014,2328
2026-07-10T18:00:00+00:00,0.7091900000000014,0.7093300000000015,0.7090300000000015,0.7091500000000015,3001
2026-07-10T18:30:00+00:00,0.7091500000000015,0.7092800000000015,0.7090300000000015,0.7091200000000014,2049
2026-07-10T19:00:00+00:00,0.7091200000000014,0.7091500000000015,0.7089900000000015,0.7090800000000015,1754
2026-07-10T19:30:00+00:00,0.7090800000000015,0.7092000000000015,0.7089800000000015,0.7091300000000015,1302
2026-07-10T20:00:00+00:00,0.7091300000000015,0.7093000000000015,0.7090600000000015,0.7090900000000014,754
2026-07-10T20:30:00+00:00,0.7090900000000014,0.7092000000000015,0.7086100000000014,0.7088300000000014,711.2327089044747
2026-07-12T21:00:00+00:00,0.7088300000000014,0.7098400000000012,0.7088300000000014,0.7096500000000013,240.81160764415563
2026-07-12T21:30:00+00:00,0.7096500000000013,0.7096900000000013,0.7090700000000013,0.7092100000000013,450.94345859201013
2026-07-12T22:00:00+00:00,0.7092100000000013,0.7094900000000014,0.7083300000000013,0.7088500000000013,2787
2026-07-12T22:30:00+00:00,0.7088500000000013,0.7090700000000013,0.7087800000000014,0.7088800000000014,1201
2026-07-12T23:00:00+00:00,0.7088800000000014,0.7091600000000013,0.7087700000000013,0.7091600000000013,1175
2026-07-12T23:30:00+00:00,0.7091600000000013,0.7093100000000013,0.7089400000000013,0.7093000000000014,1902
2026-07-13T00:00:00+00:00,0.7093000000000014,0.7095100000000014,0.7090400000000013,0.7091000000000014,4452
2026-07-13T00:30:00+00:00,0.7091000000000014,0.7092300000000014,0.7084100000000013,0.7084900000000014,4648
2026-07-13T01:00:00+00:00,0.7084900000000014,0.7086200000000014,0.7079900000000013,0.7084700000000014,5818
2026-07-13T01:30:00+00:00,0.7084700000000014,0.7088700000000013,0.7083100000000013,0.7086500000000013,5666
2026-07-13T02:00:00+00:00,0.7086500000000013,0.7089100000000014,0.7083300000000013,0.7088100000000014,4301
2026-07-13T02:30:00+00:00,0.7088100000000014,0.7089200000000013,0.7082500000000014,0.7082500000000014,3562
2026-07-13T03:00:00+00:00,0.7082500000000014,0.7083100000000013,0.7075400000000014,0.7079100000000014,3165
2026-07-13T03:30:00+00:00,0.7079100000000014,0.7081400000000013,0.7078100000000014,0.7081300000000014,2899
2026-07-13T04:00:00+00:00,0.7081300000000014,0.7081300000000014,0.7076300000000013,0.7081000000000014,2770
2026-07-13T04:30:00+00:00,0.7081000000000014,0.7084700000000014,0.7080500000000014,0.7083800000000013,1997
2026-07-13T05:00:00+00:00,0.7083800000000013,0.7089300000000014,0.7078100000000014,0.7078600000000014,4207
2026-07-13T05:30:00+00:00,0.7078600000000014,0.7084100000000013,0.7076600000000014,0.7080100000000014,5991
2026-07-13T06:00:00+00:00,0.7080100000000014,0.7082600000000013,0.7075000000000014,0.7079800000000014,4888
2026-07-13T06:30:00+00:00,0.7079800000000014,0.7084500000000014,0.7078500000000013,0.7080000000000014,3917
2026-07-13T07:00:00+00:00,0.7080000000000014,0.7086300000000013,0.7079500000000014,0.7083100000000013,5540
2026-07-13T07:30:00+00:00,0.7083100000000013,0.7088700000000013,0.7079000000000014,0.7088600000000014,5206
2026-07-13T08:00:00+00:00,0.7088600000000014,0.7098400000000014,0.7088400000000014,0.7092500000000014,6605
2026-07-13T08:30:00+00:00,0.7092500000000014,0.7095700000000014,0.7090900000000013,0.7093400000000014,3463
2026-07-13T09:00:00+00:00,0.7093400000000014,0.7094500000000014,0.7090500000000014,0.7092000000000014,3335
2026-07-13T09:30:00+00:00,0.7092000000000014,0.7093200000000014,0.7090100000000014,0.7093100000000013,3725
2026-07-13T10:00:00+00:00,0.7093100000000013,0.7094400000000014,0.7089500000000014,0.7090500000000014,3796
2026-07-13T10:30:00+00:00,0.7090500000000014,0.7097500000000013,0.7090000000000014,0.7097500000000013,3293
2026-07-13T11:00:00+00:00,0.7097500000000013,0.7099800000000014,0.7093500000000014,0.7098200000000013,4762
2026-07-13T11:30:00+00:00,0.7098200000000013,0.7101000000000014,0.7095900000000014,0.7096400000000014,4277
2026-07-13T12:00:00+00:00,0.7096400000000014,0.7097500000000013,0.7089400000000013,0.7092300000000014,4611
2026-07-13T12:30:00+00:00,0.7092300000000014,0.7097200000000013,0.7091300000000014,0.7097200000000013,4284
2026-07-13T13:00:00+00:00,0.7097200000000013,0.7099400000000013,0.7092000000000014,0.7093900000000014,4160
2026-07-13T13:30:00+00:00,0.7093900000000014,0.7095200000000014,0.7085200000000014,0.7087600000000014,7251
2026-07-13T14:00:00+00:00,0.7087600000000014,0.7090700000000013,0.7077800000000014,0.7088600000000014,10854
2026-07-13T14:30:00+00:00,0.7088600000000014,0.7089400000000013,0.7082600000000013,0.7087300000000014,7001
2026-07-13T15:00:00+00:00,0.7087300000000014,0.7090100000000014,0.7085200000000014,0.7087900000000014,4930
2026-07-13T15:30:00+00:00,0.7087900000000014,0.7088400000000014,0.7083500000000014,0.7085400000000014,4433
2026-07-13T16:00:00+00:00,0.7085400000000014,0.7088200000000013,0.7077900000000014,0.7078900000000014,3864
2026-07-13T16:30:00+00:00,0.7078900000000014,0.7079300000000014,0.7069000000000014,0.7073100000000013,8102
2026-07-13T17:00:00+00:00,0.7073100000000013,0.7077400000000014,0.7071600000000013,0.7075500000000013,4075
2026-07-13T17:30:00+00:00,0.7075500000000013,0.7077400000000014,0.7072000000000014,0.7072600000000013,3553
2026-07-13T18:00:00+00:00,0.7072600000000013,0.7073700000000014,0.7068900000000014,0.7071500000000014,3561
2026-07-13T18:30:00+00:00,0.7071500000000014,0.7073700000000014,0.7070900000000013,0.7073300000000013,2958
2026-07-13T19:00:00+00:00,0.7073300000000013,0.7073800000000013,0.7067800000000014,0.7068000000000013,2803
2026-07-13T19:30:00+00:00,0.7068000000000013,0.7069500000000014,0.7066200000000014,0.7069100000000014,2501
2026-07-13T20:00:00+00:00,0.7069100000000014,0.7069400000000013,0.7064500000000014,0.7067100000000014,1346
2026-07-13T20:30:00+00:00,0.7067100000000014,0.7069300000000014,0.7066500000000013,0.7068800000000014,908
2026-07-13T21:00:00+00:00,0.7068800000000014,0.7068800000000014,0.7062400000000014,0.7064100000000014,155.35346421509573
2026-07-13T21:30:00+00:00,0.7064100000000014,0.7069800000000014,0.7064100000000014,0.7069200000000013,411.03857643201104
2026-07-13T22:00:00+00:00,0.7069200000000013,0.7072500000000014,0.7068900000000014,0.7071800000000013,938.9140546006067
2026-07-13T22:30:00+00:00,0.7071800000000013,0.7071800000000013,0.7068600000000013,0.7069000000000012,638
2026-07-13T23:00:00+00:00,0.7069000000000012,0.7069600000000013,0.7067600000000013,0.7068600000000013,883
2026-07-13T23:30:00+00:00,0.7068600000000013,0.7071900000000012,0.7067500000000012,0.7071700000000012,2040
2026-07-14T00:00:00+00:00,0.7071700000000012,0.7072200000000013,0.7065000000000012,0.7067700000000012,7983
2026-07-14T00:30:00+00:00,0.7067700000000012,0.7074400000000013,0.7067600000000013,0.7071100000000012,6668
2026-07-14T01:00:00+00:00,0.7071100000000012,0.7076400000000013,0.7069600000000013,0.7072000000000013,5820
2026-07-14T01:30:00+00:00,0.7072000000000013,0.7074400000000013,0.7068200000000012,0.7072600000000012,4700
2026-07-14T02:00:00+00:00,0.7072600000000012,0.7077600000000013,0.7072000000000013,0.7077300000000012,4838
2026-07-14T02:30:00+00:00,0.7077300000000012,0.7080400000000012,0.7075600000000012,0.7076000000000012,4233
2026-07-14T03:00:00+00:00,0.7076000000000012,0.7079400000000012,0.7073800000000012,0.7079200000000012,3610
2026-07-14T03:30:00+00:00,0.7079200000000012,0.7085200000000013,0.7078800000000013,0.7082500000000013,4237
2026-07-14T04:00:00+00:00,0.7082500000000013,0.7085400000000013,0.7081300000000013,0.7081400000000012,3342
2026-07-14T04:30:00+00:00,0.7081400000000012,0.7085800000000012,0.7080700000000012,0.7085200000000013,3112
2026-07-14T05:00:00+00:00,0.7085200000000013,0.7088300000000013,0.7084800000000012,0.7087400000000013,2645
2026-07-14T05:30:00+00:00,0.7087400000000013,0.7091000000000013,0.7085600000000012,0.7086500000000012,3559
2026-07-14T06:00:00+00:00,0.7086500000000012,0.7087500000000012,0.7082800000000012,0.7083300000000012,4300
2026-07-14T06:30:00+00:00,0.7083300000000012,0.7088000000000012,0.7080700000000012,0.7080900000000012,4011
2026-07-14T07:00:00+00:00,0.7080900000000012,0.7092000000000013,0.7079900000000012,0.7091500000000013,5606
2026-07-14T07:30:00+00:00,0.7091500000000013,0.7095300000000012,0.7088600000000013,0.7093100000000012,5082
2026-07-14T08:00:00+00:00,0.7093100000000012,0.7094300000000012,0.7089400000000012,0.7091900000000012,4045
2026-07-14T08:30:00+00:00,0.7091900000000012,0.7097700000000012,0.7091100000000012,0.7095700000000013,4245
2026-07-14T09:00:00+00:00,0.7095700000000013,0.7104900000000013,0.7095100000000012,0.7100200000000012,4126
2026-07-14T09:30:00+00:00,0.7100200000000012,0.7106000000000012,0.7100200000000012,0.7103900000000012,3621
2026-07-14T10:00:00+00:00,0.7103900000000012,0.7105500000000012,0.7098600000000013,0.7098600000000013,3806
2026-07-14T10:30:00+00:00,0.7098600000000013,0.7099000000000012,0.7092700000000013,0.7093000000000013,3710
2026-07-14T11:00:00+00:00,0.7093000000000013,0.7094500000000012,0.7090600000000012,0.7093400000000012,4341
2026-07-14T11:30:00+00:00,0.7093400000000012,0.7098000000000012,0.7093100000000012,0.7096900000000013,4052
2026-07-14T12:00:00+00:00,0.7096900000000013,0.7099300000000013,0.7093100000000012,0.7097700000000012,5353
2026-07-14T12:30:00+00:00,0.7097700000000012,0.7135800000000012,0.7097700000000012,0.7121500000000013,20895
2026-07-14T13:00:00+00:00,0.7121500000000013,0.7130500000000013,0.7120700000000012,0.7127600000000013,10983
2026-07-14T13:30:00+00:00,0.7127600000000013,0.7135500000000012,0.7126000000000012,0.7133700000000013,11150
2026-07-14T14:00:00+00:00,0.7133700000000013,0.7141600000000012,0.7130700000000012,0.7132400000000012,10203
2026-07-14T14:30:00+00:00,0.7132400000000012,0.7145400000000013,0.7131100000000012,0.7139000000000012,9869
2026-07-14T15:00:00+00:00,0.7139000000000012,0.7145300000000012,0.7137200000000012,0.7139400000000012,7023
2026-07-14T15:30:00+00:00,0.7139400000000012,0.7140200000000012,0.7123800000000012,0.7125300000000012,7943
2026-07-14T16:00:00+00:00,0.7125300000000012,0.7127700000000012,0.7120900000000012,0.7127300000000012,5792
2026-07-14T16:30:00+00:00,0.7127300000000012,0.7130700000000012,0.7126900000000013,0.7130300000000013,3625
2026-07-14T17:00:00+00:00,0.7130300000000013,0.7131700000000012,0.7123100000000012,0.7127300000000012,4180
2026-07-14T17:30:00+00:00,0.7127300000000012,0.7129100000000013,0.7126500000000012,0.7127400000000013,2507
2026-07-14T18:00:00+00:00,0.7127400000000013,0.7129200000000012,0.7125200000000013,0.7126600000000013,2843
2026-07-14T18:30:00+00:00,0.7126600000000013,0.7127400000000013,0.7121600000000012,0.7126800000000012,3401
2026-07-14T19:00:00+00:00,0.7126800000000012,0.7127700000000012,0.7125200000000013,0.7126300000000012,2331
2026-07-14T19:30:00+00:00,0.7126300000000012,0.7126900000000013,0.7123300000000012,0.7124800000000012,3314
2026-07-14T20:00:00+00:00,0.7124800000000012,0.7125200000000013,0.7123000000000013,0.7124100000000012,1008
2026-07-14T20:30:00+00:00,0.7124100000000012,0.7126900000000013,0.7123700000000013,0.7126100000000012,1039
2026-07-14T21:00:00+00:00,0.7126100000000012,0.7126100000000012,0.7118800000000012,0.7121700000000012,377.62023812908535
2026-07-14T21:30:00+00:00,0.7121700000000012,0.7125800000000012,0.7120400000000012,0.7124500000000012,924
2026-07-14T22:00:00+00:00,0.7124500000000012,0.7125800000000012,0.7123500000000013,0.7125500000000012,712.4159530217764
2026-07-14T22:30:00+00:00,0.7125500000000012,0.7125800000000012,0.7123700000000012,0.7124100000000012,538
2026-07-14T23:00:00+00:00,0.7124100000000012,0.7127200000000012,0.7123300000000012,0.7127100000000012,882
2026-07-14T23:30:00+00:00,0.7127100000000012,0.7128800000000012,0.7126000000000012,0.7127600000000012,1234
2026-07-15T00:00:00+00:00,0.7127600000000012,0.7134500000000012,0.7126900000000012,0.7133900000000012,3450
2026-07-15T00:30:00+00:00,0.7133900000000012,0.7136900000000012,0.7128100000000012,0.7136400000000012,2747
2026-07-15T01:00:00+00:00,0.7136400000000012,0.7138700000000012,0.7132700000000012,0.7134400000000012,4610
2026-07-15T01:30:00+00:00,0.7134400000000012,0.7138500000000012,0.7130900000000012,0.7138200000000012,4095
2026-07-15T02:00:00+00:00,0.7138200000000012,0.7140600000000012,0.7133800000000012,0.7136900000000012,2872
2026-07-15T02:30:00+00:00,0.7136900000000012,0.7143400000000012,0.7136600000000012,0.7142800000000012,2936
2026-07-15T03:00:00+00:00,0.7142800000000012,0.7144300000000012,0.7136000000000012,0.7137000000000012,3075
2026-07-15T03:30:00+00:00,0.7137000000000012,0.7139600000000013,0.7135000000000012,0.7138400000000013,2351
2026-07-15T04:00:00+00:00,0.7138400000000013,0.7140200000000012,0.7135600000000012,0.7135800000000012,1803
2026-07-15T04:30:00+00:00,0.7135800000000012,0.7136800000000012,0.7134500000000012,0.7135100000000012,1365
2026-07-15T05:00:00+00:00,0.7135100000000012,0.7136900000000012,0.7133400000000012,0.7135100000000012,3003
2026-07-15T05:30:00+00:00,0.7135100000000012,0.7140800000000012,0.7134200000000012,0.7138500000000012,3166
2026-07-15T06:00:00+00:00,0.7138500000000012,0.7142300000000013,0.7137300000000012,0.7140900000000012,2951
2026-07-15T06:30:00+00:00,0.7140900000000012,0.7141400000000012,0.7135900000000012,0.7136400000000012,3650
2026-07-15T07:00:00+00:00,0.7136400000000012,0.7141500000000012,0.7129000000000012,0.7132200000000012,4352
2026-07-15T07:30:00+00:00,0.7132200000000012,0.7139500000000012,0.7131100000000012,0.7138100000000012,3736
2026-07-15T08:00:00+00:00,0.7138100000000012,0.7141200000000012,0.7135900000000012,0.7139700000000012,4174
2026-07-15T08:30:00+00:00,0.7139700000000012,0.7141400000000012,0.7135800000000012,0.7139500000000012,3122
2026-07-15T09:00:00+00:00,0.7139500000000012,0.7141900000000012,0.7138000000000012,0.7138400000000013,3641
2026-07-15T09:30:00+00:00,0.7138400000000013,0.7139500000000012,0.7136000000000012,0.7137400000000013,3031
2026-07-15T10:00:00+00:00,0.7137400000000013,0.7137600000000012,0.7131400000000012,0.7132400000000012,3784
2026-07-15T10:30:00+00:00,0.7132400000000012,0.7135400000000012,0.7132400000000012,0.7135200000000012,3009
2026-07-15T11:00:00+00:00,0.7135200000000012,0.7137700000000012,0.7134100000000012,0.7135100000000012,2680
2026-07-15T11:30:00+00:00,0.7135100000000012,0.7138600000000012,0.7134100000000012,0.7136800000000012,4029
2026-07-15T12:00:00+00:00,0.7136800000000012,0.7138100000000012,0.7134000000000013,0.7135500000000012,4239
2026-07-15T12:30:00+00:00,0.7135500000000012,0.7148700000000012,0.7134800000000012,0.7147600000000012,6278
2026-07-15T13:00:00+00:00,0.7147600000000012,0.7150200000000012,0.7143000000000012,0.7143600000000012,4660
2026-07-15T13:30:00+00:00,0.7143600000000012,0.7148600000000012,0.7141300000000012,0.7145400000000012,6400
2026-07-15T14:00:00+00:00,0.7145400000000012,0.7149400000000012,0.7143200000000012,0.7146300000000012,6552
2026-07-15T14:30:00+00:00,0.7146300000000012,0.7151100000000012,0.7144600000000012,0.7150400000000012,7560
2026-07-15T15:00:00+00:00,0.7150400000000012,0.7154300000000012,0.7146400000000012,0.7154000000000013,5582
2026-07-15T15:30:00+00:00,0.7154000000000013,0.7154100000000012,0.7149200000000012,0.7149400000000012,5045
2026-07-15T16:00:00+00:00,0.7149400000000012,0.7150300000000012,0.7145200000000012,0.7146500000000012,4577
2026-07-15T16:30:00+00:00,0.7146500000000012,0.7147100000000012,0.7140400000000012,0.7144800000000012,5028
2026-07-15T17:00:00+00:00,0.7144800000000012,0.7154200000000012,0.7144700000000012,0.7154200000000012,3753
2026-07-15T17:30:00+00:00,0.7154200000000012,0.7167700000000012,0.7154000000000013,0.7165800000000012,4621
2026-07-15T18:00:00+00:00,0.7165800000000012,0.7170600000000013,0.7165800000000012,0.7170300000000012,2722
2026-07-15T18:30:00+00:00,0.7170300000000012,0.7172500000000012,0.7159700000000012,0.7159800000000012,3724
2026-07-15T19:00:00+00:00,0.7159800000000012,0.7164400000000012,0.7159300000000012,0.7160900000000012,3155
2026-07-15T19:30:00+00:00,0.7160900000000012,0.7161200000000012,0.7156000000000012,0.7158500000000012,3943
2026-07-15T20:00:00+00:00,0.7158500000000012,0.7159400000000012,0.7156400000000012,0.7159000000000012,1132
2026-07-15T20:30:00+00:00,0.7159000000000012,0.7159100000000012,0.7155800000000012,0.7156500000000012,962
2026-07-15T21:00:00+00:00,0.7156500000000012,0.7156500000000012,0.7147100000000013,0.7147500000000012,314.83980744644487
2026-07-15T21:30:00+00:00,0.7147500000000012,0.7150000000000013,0.7147300000000012,0.7148100000000013,1174
2026-07-15T22:00:00+00:00,0.7148100000000013,0.7153000000000013,0.7148100000000013,0.7152300000000013,553
2026-07-15T22:30:00+00:00,0.7152300000000013,0.7152600000000012,0.7151100000000012,0.7151700000000013,541.6459639268062
2026-07-15T23:00:00+00:00,0.7151700000000013,0.7155800000000012,0.7151600000000012,0.7155000000000012,1024.4505653115227
2026-07-15T23:30:00+00:00,0.7155000000000012,0.7156200000000013,0.7153500000000013,0.7153600000000012,1125
2026-07-16T00:00:00+00:00,0.7153600000000012,0.7156800000000013,0.7151100000000012,0.7151100000000012,3003
2026-07-16T00:30:00+00:00,0.7151100000000012,0.7151700000000013,0.7141600000000012,0.7144400000000013,3849
2026-07-16T01:00:00+00:00,0.7144400000000013,0.7145300000000012,0.7136800000000013,0.7137100000000013,4458
2026-07-16T01:30:00+00:00,0.7137100000000013,0.7140700000000013,0.7136100000000013,0.7138100000000013,3864
2026-07-16T02:00:00+00:00,0.7138100000000013,0.7139800000000013,0.7132000000000013,0.7139700000000012,3784
2026-07-16T02:30:00+00:00,0.7139700000000012,0.7141600000000012,0.7136100000000013,0.7141300000000013,2694
2026-07-16T03:00:00+00:00,0.7141300000000013,0.7145300000000012,0.7140500000000013,0.7145000000000012,2273
2026-07-16T03:30:00+00:00,0.7145000000000012,0.7147400000000013,0.7143100000000012,0.7146600000000013,2438
2026-07-16T04:00:00+00:00,0.7146600000000013,0.7149500000000013,0.7145100000000013,0.7147200000000012,2269
2026-07-16T04:30:00+00:00,0.7147200000000012,0.7148900000000012,0.7144600000000013,0.7145000000000012,2218
2026-07-16T05:00:00+00:00,0.7145000000000012,0.7147300000000013,0.7142000000000013,0.7145400000000013,2564
2026-07-16T05:30:00+00:00,0.7145400000000013,0.7146700000000012,0.7139900000000012,0.7140600000000012,3918
2026-07-16T06:00:00+00:00,0.7140600000000012,0.7144800000000012,0.7140300000000013,0.7143700000000013,4193
2026-07-16T06:30:00+00:00,0.7143700000000013,0.7146600000000013,0.7140000000000013,0.7145600000000013,4056
2026-07-16T07:00:00+00:00,0.7145600000000013,0.7147200000000012,0.7142500000000013,0.7143300000000012,3989
2026-07-16T07:30:00+00:00,0.7143300000000012,0.7145900000000013,0.7142600000000012,0.7143300000000012,2536
2026-07-16T08:00:00+00:00,0.7143300000000012,0.7146000000000012,0.7140000000000013,0.7141600000000012,4415
2026-07-16T08:30:00+00:00,0.7141600000000012,0.7144700000000013,0.7141600000000012,0.7144400000000013,2981
2026-07-16T09:00:00+00:00,0.7144400000000013,0.7149200000000012,0.7143900000000013,0.7145100000000013,3602
2026-07-16T09:30:00+00:00,0.7145100000000013,0.7146300000000013,0.7142800000000012,0.7145400000000013,3575
2026-07-16T10:00:00+00:00,0.7145400000000013,0.7149600000000013,0.7144900000000013,0.7148700000000012,2751
2026-07-16T10:30:00+00:00,0.7148700000000012,0.7151400000000012,0.7147900000000013,0.7149100000000013,2513
2026-07-16T11:00:00+00:00,0.7149100000000013,0.7151800000000013,0.7147400000000013,0.7148000000000012,2875
2026-07-16T11:30:00+00:00,0.7148000000000012,0.7153600000000012,0.7140800000000013,0.7153200000000013,5737
2026-07-16T12:00:00+00:00,0.7153200000000013,0.7156300000000013,0.7149200000000012,0.7149500000000013,5180
2026-07-16T12:30:00+00:00,0.7149500000000013,0.7152600000000012,0.7142300000000013,0.7143600000000012,5451
2026-07-16T13:00:00+00:00,0.7143600000000012,0.7155700000000013,0.7143300000000012,0.7154700000000013,5431
2026-07-16T13:30:00+00:00,0.7154700000000013,0.7155800000000012,0.7147700000000012,0.7149200000000012,7116
2026-07-16T14:00:00+00:00,0.7149200000000012,0.7157600000000013,0.7148900000000012,0.7156500000000012,6311
2026-07-16T14:30:00+00:00,0.7156500000000012,0.7158500000000013,0.7147900000000013,0.7150700000000013,5950
2026-07-16T15:00:00+00:00,0.7150700000000013,0.7150800000000013,0.7146100000000013,0.7148500000000013,5437
2026-07-16T15:30:00+00:00,0.7148500000000013,0.7152000000000013,0.7146700000000012,0.7147500000000012,4492
2026-07-16T16:00:00+00:00,0.7147500000000012,0.7148100000000013,0.7138500000000013,0.7139100000000013,4596
2026-07-16T16:30:00+00:00,0.7139100000000013,0.7141400000000012,0.7138300000000013,0.7139800000000013,2402
2026-07-16T17:00:00+00:00,0.7139800000000013,0.7140000000000013,0.7136000000000012,0.7138300000000013,3032
2026-07-16T17:30:00+00:00,0.7138300000000013,0.7141400000000012,0.7136800000000013,0.7138900000000012,2841
2026-07-16T18:00:00+00:00,0.7138900000000012,0.7141600000000012,0.7137400000000013,0.7140600000000012,3800
2026-07-16T18:30:00+00:00,0.7140600000000012,0.7141700000000013,0.7138200000000012,0.7141100000000012,3326
2026-07-16T19:00:00+00:00,0.7141100000000012,0.7142300000000013,0.7138100000000013,0.7138600000000013,2634
2026-07-16T19:30:00+00:00,0.7138600000000013,0.7142100000000012,0.7137600000000013,0.7141400000000012,2921
2026-07-16T20:00:00+00:00,0.7141400000000012,0.7141700000000013,0.7140400000000012,0.7141200000000013,1111
2026-07-16T20:30:00+00:00,0.7141200000000013,0.7143700000000013,0.7141000000000013,0.7142600000000012,1047
2026-07-16T21:00:00+00:00,0.7142600000000012,0.7145700000000013,0.7138200000000013,0.7145500000000012,466.04386051116575
2026-07-16T21:30:00+00:00,0.7145500000000012,0.7147200000000012,0.7143000000000013,0.7143800000000012,606.0242290748898
2026-07-16T22:00:00+00:00,0.7143800000000012,0.7148100000000013,0.7143700000000013,0.7146500000000012,758
2026-07-16T22:30:00+00:00,0.7146500000000012,0.7146700000000012,0.7145100000000013,0.7146000000000012,548
2026-07-16T23:00:00+00:00,0.7146000000000012,0.7148500000000013,0.7145600000000013,0.7147800000000013,819
2026-07-16T23:30:00+00:00,0.7147800000000013,0.7150300000000013,0.7146600000000013,0.7150000000000013,1085
2026-07-17T00:00:00+00:00,0.7150000000000013,0.7151000000000013,0.7144000000000013,0.7144200000000013,3555
2026-07-17T00:30:00+00:00,0.7144200000000013,0.7148800000000013,0.7141300000000013,0.7148500000000013,3599
2026-07-17T01:00:00+00:00,0.7148500000000013,0.7150500000000013,0.7147200000000012,0.7147800000000013,4497
2026-07-17T01:30:00+00:00,0.7147800000000013,0.7148100000000013,0.7130300000000013,0.7133100000000012,4650
2026-07-17T02:00:00+00:00,0.7133100000000012,0.7135200000000013,0.7131300000000013,0.7133200000000013,3590
2026-07-17T02:30:00+00:00,0.7133200000000013,0.7133900000000013,0.7127500000000012,0.7129000000000013,2972
2026-07-17T03:00:00+00:00,0.7129000000000013,0.7137400000000013,0.7129000000000013,0.7136600000000013,2517
2026-07-17T03:30:00+00:00,0.7136600000000013,0.7136700000000012,0.7130700000000013,0.7132400000000013,1988
2026-07-17T04:00:00+00:00,0.7132400000000013,0.7132600000000012,0.7126800000000013,0.7128100000000013,2292
2026-07-17T04:30:00+00:00,0.7128100000000013,0.7130300000000013,0.7126100000000013,0.7128900000000012,3012
2026-07-17T05:00:00+00:00,0.7128900000000012,0.7130000000000013,0.7126900000000013,0.7128700000000012,3247
2026-07-17T05:30:00+00:00,0.7128700000000012,0.7130700000000013,0.7126300000000013,0.7128000000000013,4664
2026-07-17T06:00:00+00:00,0.7128000000000013,0.7140200000000013,0.7127500000000012,0.7138500000000013,5379
2026-07-17T06:30:00+00:00,0.7138500000000013,0.7140000000000013,0.7133600000000012,0.7135600000000013,3625
2026-07-17T07:00:00+00:00,0.7135600000000013,0.7140100000000013,0.7134600000000013,0.7137700000000012,4474
2026-07-17T07:30:00+00:00,0.7137700000000012,0.7139100000000013,0.7133200000000013,0.7133500000000013,3478
2026-07-17T08:00:00+00:00,0.7133500000000013,0.7137600000000013,0.7124000000000013,0.7126300000000013,5997
2026-07-17T08:30:00+00:00,0.7126300000000013,0.7127800000000013,0.7121700000000013,0.7122500000000013,4567
2026-07-17T09:00:00+00:00,0.7122500000000013,0.7125100000000013,0.7115900000000013,0.7124900000000013,4378
2026-07-17T09:30:00+00:00,0.7124900000000013,0.7125200000000013,0.7119200000000012,0.7121800000000013,3411
2026-07-17T10:00:00+00:00,0.7121800000000013,0.7123200000000013,0.7118700000000012,0.7120300000000013,3497
2026-07-17T10:30:00+00:00,0.7120300000000013,0.7122700000000013,0.7118800000000013,0.7120100000000013,2957
2026-07-17T11:00:00+00:00,0.7120100000000013,0.7120600000000012,0.7116900000000013,0.7120300000000013,3527
2026-07-17T11:30:00+00:00,0.7120300000000013,0.7127800000000013,0.7119800000000013,0.7124400000000013,3369
2026-07-17T12:00:00+00:00,0.7124400000000013,0.7126100000000013,0.7121200000000013,0.7124400000000013,3685
2026-07-17T12:30:00+00:00,0.7124400000000013,0.7125000000000012,0.7117900000000013,0.7119200000000012,4018
2026-07-17T13:00:00+00:00,0.7119200000000012,0.7123000000000013,0.7116100000000013,0.7120300000000013,4416
2026-07-17T13:30:00+00:00,0.7120300000000013,0.7128000000000013,0.7118600000000013,0.7127700000000012,8215
2026-07-17T14:00:00+00:00,0.7127700000000012,0.7131000000000013,0.7126700000000012,0.7128000000000013,6380
2026-07-17T14:30:00+00:00,0.7128000000000013,0.7133300000000012,0.7126200000000013,0.7130800000000013,6272
2026-07-17T15:00:00+00:00,0.7130800000000013,0.7134400000000013,0.7128800000000013,0.7134000000000013,5546
2026-07-17T15:30:00+00:00,0.7134000000000013,0.7135500000000012,0.7129700000000012,0.7133700000000013,5377
2026-07-17T16:00:00+00:00,0.7133700000000013,0.7137200000000012,0.7128500000000013,0.7136100000000013,5988
2026-07-17T16:30:00+00:00,0.7136100000000013,0.7136200000000013,0.7132600000000012,0.7133400000000013,3375
2026-07-17T17:00:00+00:00,0.7133400000000013,0.7135100000000013,0.7132400000000013,0.7134400000000013,3612
2026-07-17T17:30:00+00:00,0.7134400000000013,0.7134600000000013,0.7130900000000012,0.7131700000000013,2314
2026-07-17T18:00:00+00:00,0.7131700000000013,0.7133600000000012,0.7130700000000013,0.7133400000000013,3050
2026-07-17T18:30:00+00:00,0.7133400000000013,0.7134200000000013,0.7130600000000012,0.7131600000000012,2742
2026-07-17T19:00:00+00:00,0.7131600000000012,0.7132100000000012,0.7128900000000012,0.7131600000000012,2112
2026-07-17T19:30:00+00:00,0.7131600000000012,0.7135400000000013,0.7130400000000012,0.7134100000000013,2380
2026-07-17T20:00:00+00:00,0.7134100000000013,0.7134500000000012,0.7130000000000013,0.7131200000000013,1192
2026-07-17T20:30:00+00:00,0.7131200000000013,0.7132100000000012,0.7128600000000013,0.7128900000000012,949.9133170220202
2026-07-19T21:00:00+00:00,0.7128900000000012,0.7128900000000012,0.7125500000000013,0.7127400000000012,181.64992364569952
2026-07-19T21:30:00+00:00,0.7127400000000012,0.7129100000000009,0.712600000000001,0.712900000000001,237.8190189400617
2026-07-19T22:00:00+00:00,0.712900000000001,0.713860000000001,0.7128800000000011,0.713770000000001,3448
2026-07-19T22:30:00+00:00,0.713770000000001,0.714160000000001,0.713680000000001,0.713950000000001,1462
2026-07-19T23:00:00+00:00,0.713950000000001,0.7141800000000009,0.7139200000000009,0.7141400000000009,1274
2026-07-19T23:30:00+00:00,0.7141400000000009,0.7143300000000009,0.7138000000000009,0.7143300000000009,1970
2026-07-20T00:00:00+00:00,0.7143300000000009,0.7150200000000009,0.7139200000000009,0.7149200000000009,4812
2026-07-20T00:30:00+00:00,0.7149200000000009,0.7150100000000009,0.7147000000000009,0.7149200000000009,3733
2026-07-20T01:00:00+00:00,0.7149200000000009,0.715440000000001,0.7149000000000009,0.7151600000000009,4262
2026-07-20T01:30:00+00:00,0.7151600000000009,0.7153300000000009,0.7149600000000009,0.7152600000000009,4732
2026-07-20T02:00:00+00:00,0.7152600000000009,0.7156400000000009,0.7151900000000009,0.7153800000000009,4295
2026-07-20T02:30:00+00:00,0.7153800000000009,0.7159900000000009,0.7153100000000009,0.7156700000000009,3763
2026-07-20T03:00:00+00:00,0.7156700000000009,0.7157400000000009,0.7154100000000009,0.7157000000000009,2658
2026-07-20T03:30:00+00:00,0.7157000000000009,0.7159400000000009,0.7156000000000009,0.7158200000000009,2454
2026-07-20T04:00:00+00:00,0.7158200000000009,0.7162400000000009,0.7157900000000009,0.7162400000000009,2274
2026-07-20T04:30:00+00:00,0.7162400000000009,0.7163800000000009,0.7161200000000009,0.7161300000000009,1856
2026-07-20T05:00:00+00:00,0.7161300000000009,0.7161900000000009,0.7155300000000009,0.7157000000000009,3059
2026-07-20T05:30:00+00:00,0.7157000000000009,0.7157500000000009,0.7154700000000009,0.7155300000000009,2834
2026-07-20T06:00:00+00:00,0.7155300000000009,0.7156300000000009,0.7150300000000009,0.715050000000001,3774
2026-07-20T06:30:00+00:00,0.715050000000001,0.7157400000000009,0.715050000000001,0.7154300000000009,3545
2026-07-20T07:00:00+00:00,0.7154300000000009,0.7161400000000009,0.715370000000001,0.7161200000000009,4605
2026-07-20T07:30:00+00:00,0.7161200000000009,0.716930000000001,0.7160900000000009,0.7164800000000009,5690
2026-07-20T08:00:00+00:00,0.7164800000000009,0.716760000000001,0.7162600000000009,0.7163000000000009,4029
2026-07-20T08:30:00+00:00,0.7163000000000009,0.7165500000000009,0.716200000000001,0.716490000000001,2752
2026-07-20T09:00:00+00:00,0.716490000000001,0.716490000000001,0.7160400000000009,0.7161900000000009,2968
2026-07-20T09:30:00+00:00,0.7161900000000009,0.716440000000001,0.7161200000000009,0.716320000000001,3214
2026-07-20T10:00:00+00:00,0.716320000000001,0.7171800000000009,0.716220000000001,0.7170200000000009,2566
2026-07-20T10:30:00+00:00,0.7170200000000009,0.7172600000000009,0.7169900000000009,0.7171300000000009,2093
2026-07-20T11:00:00+00:00,0.7171300000000009,0.717270000000001,0.7169000000000009,0.7172400000000009,2484
2026-07-20T11:30:00+00:00,0.7172400000000009,0.717930000000001,0.7172300000000009,0.717390000000001,7947
2026-07-20T12:00:00+00:00,0.717390000000001,0.7174000000000009,0.7165500000000009,0.716810000000001,5708
2026-07-20T12:30:00+00:00,0.716810000000001,0.7170400000000009,0.7166000000000009,0.7169500000000009,4912
2026-07-20T13:00:00+00:00,0.7169500000000009,0.717200000000001,0.7167500000000009,0.7170700000000009,4847
2026-07-20T13:30:00+00:00,0.7170700000000009,0.717590000000001,0.7170200000000009,0.7175300000000009,6234
2026-07-20T14:00:00+00:00,0.7175300000000009,0.7178700000000009,0.7172500000000009,0.7178000000000009,5253
2026-07-20T14:30:00+00:00,0.7178000000000009,0.7178000000000009,0.7162400000000009,0.7164800000000009,6233
2026-07-20T15:00:00+00:00,0.7164800000000009,0.7167400000000009,0.716270000000001,0.7167300000000009,6234
2026-07-20T15:30:00+00:00,0.7167300000000009,0.7168200000000009,0.7163800000000009,0.7167200000000009,4453
2026-07-20T16:00:00+00:00,0.7167200000000009,0.7172600000000009,0.716710000000001,0.7169200000000009,3452
2026-07-20T16:30:00+00:00,0.7169200000000009,0.7169700000000009,0.716370000000001,0.7167900000000009,4275
2026-07-20T17:00:00+00:00,0.7167900000000009,0.7169600000000009,0.7166200000000009,0.7169000000000009,3304
2026-07-20T17:30:00+00:00,0.7169000000000009,0.7169400000000009,0.7166900000000009,0.716830000000001,2130
2026-07-20T18:00:00+00:00,0.716830000000001,0.717200000000001,0.7167900000000009,0.7168500000000009,2696
2026-07-20T18:30:00+00:00,0.7168500000000009,0.7168500000000009,0.7164600000000009,0.7166800000000009,3032
2026-07-20T19:00:00+00:00,0.7166800000000009,0.7167700000000009,0.716270000000001,0.7166200000000009,3184
2026-07-20T19:30:00+00:00,0.7166200000000009,0.7167200000000009,0.7163800000000009,0.7164500000000009,3900
2026-07-20T20:00:00+00:00,0.7164500000000009,0.7165600000000009,0.7160900000000009,0.7162500000000009,1150
2026-07-20T20:30:00+00:00,0.7162500000000009,0.7163600000000009,0.7161800000000009,0.7162600000000009,478.7354885725603
2026-07-20T21:00:00+00:00,0.7162600000000009,0.7162600000000009,0.715270000000001,0.715590000000001,516.8046676011094
2026-07-20T21:30:00+00:00,0.715590000000001,0.716050000000001,0.715590000000001,0.715660000000001,2623
2026-07-20T22:00:00+00:00,0.715660000000001,0.7159900000000009,0.7155200000000009,0.715540000000001,955
2026-07-20T22:30:00+00:00,0.715540000000001,0.7157200000000009,0.715490000000001,0.715710000000001,908
2026-07-20T23:00:00+00:00,0.715710000000001,0.7161400000000009,0.7156500000000009,0.7159900000000009,1248
2026-07-20T23:30:00+00:00,0.7159900000000009,0.716270000000001,0.7159600000000009,0.716220000000001,1398
2026-07-21T00:00:00+00:00,0.716220000000001,0.7163100000000009,0.7158600000000009,0.7161900000000009,4530
2026-07-21T00:30:00+00:00,0.7161900000000009,0.7167400000000009,0.716100000000001,0.7163500000000009,3549
2026-07-21T01:00:00+00:00,0.7163500000000009,0.7168700000000009,0.7162600000000009,0.716730000000001,3833
2026-07-21T01:30:00+00:00,0.716730000000001,0.716950000000001,0.7166000000000009,0.7167200000000009,4023
2026-07-21T02:00:00+00:00,0.7167200000000009,0.7171400000000009,0.7165800000000009,0.7165800000000009,3569
2026-07-21T02:30:00+00:00,0.7165800000000009,0.717150000000001,0.7165800000000009,0.716830000000001,3048
2026-07-21T03:00:00+00:00,0.716830000000001,0.7169400000000009,0.7166000000000009,0.7167500000000009,2709
2026-07-21T03:30:00+00:00,0.7167500000000009,0.716900000000001,0.716560000000001,0.7165800000000009,2703
2026-07-21T04:00:00+00:00,0.7165800000000009,0.7168600000000009,0.716560000000001,0.7165700000000009,1898
2026-07-21T04:30:00+00:00,0.7165700000000009,0.7169600000000009,0.716560000000001,0.7169400000000009,2255
2026-07-21T05:00:00+00:00,0.7169400000000009,0.7171300000000009,0.716810000000001,0.7170300000000009,2338
2026-07-21T05:30:00+00:00,0.7170300000000009,0.7172400000000009,0.7169600000000009,0.7170300000000009,2365
2026-07-21T06:00:00+00:00,0.7170300000000009,0.7174800000000009,0.7170200000000009,0.717370000000001,3210
2026-07-21T06:30:00+00:00,0.717370000000001,0.7180400000000009,0.7173100000000009,0.717930000000001,3235
2026-07-21T07:00:00+00:00,0.717930000000001,0.7184600000000009,0.7178600000000009,0.7178600000000009,3823
2026-07-21T07:30:00+00:00,0.7178600000000009,0.7181800000000009,0.717780000000001,0.7180600000000009,2788
2026-07-21T08:00:00+00:00,0.7180600000000009,0.7184800000000009,0.7180200000000009,0.718270000000001,2834
2026-07-21T08:30:00+00:00,0.718270000000001,0.718440000000001,0.718050000000001,0.718390000000001,2631
2026-07-21T09:00:00+00:00,0.718390000000001,0.7188000000000009,0.7183100000000009,0.7184000000000009,2352
2026-07-21T09:30:00+00:00,0.7184000000000009,0.718780000000001,0.7183500000000009,0.718560000000001,2835
2026-07-21T10:00:00+00:00,0.718560000000001,0.7188600000000009,0.7184800000000009,0.7187400000000009,3280
2026-07-21T10:30:00+00:00,0.7187400000000009,0.7187700000000009,0.718050000000001,0.7181300000000009,2880
2026-07-21T11:00:00+00:00,0.7181300000000009,0.7181800000000009,0.7176500000000009,0.717780000000001,3168
2026-07-21T11:30:00+00:00,0.717780000000001,0.718100000000001,0.7177500000000009,0.717980000000001,2661
2026-07-21T12:00:00+00:00,0.717980000000001,0.7180800000000009,0.717270000000001,0.7173100000000009,3570
2026-07-21T12:30:00+00:00,0.7173100000000009,0.7178600000000009,0.7172800000000009,0.7178000000000009,3836
2026-07-21T13:00:00+00:00,0.7178000000000009,0.7178600000000009,0.7169900000000009,0.7171100000000009,3912
2026-07-21T13:30:00+00:00,0.7171100000000009,0.717270000000001,0.716440000000001,0.716710000000001,7314
2026-07-21T14:00:00+00:00,0.716710000000001,0.717440000000001,0.716710000000001,0.7171600000000009,5581
2026-07-21T14:30:00+00:00,0.7171600000000009,0.7172600000000009,0.716440000000001,0.7166300000000009,5843
2026-07-21T15:00:00+00:00,0.7166300000000009,0.7173000000000009,0.7165000000000009,0.7171600000000009,4568
2026-07-21T15:30:00+00:00,0.7171600000000009,0.717440000000001,0.716780000000001,0.716900000000001,3669
2026-07-21T16:00:00+00:00,0.716900000000001,0.7169900000000009,0.716610000000001,0.7166300000000009,2200
2026-07-21T16:30:00+00:00,0.7166300000000009,0.7169400000000009,0.7165300000000009,0.7168600000000009,1441
2026-07-21T17:00:00+00:00,0.7168600000000009,0.7169700000000009,0.716760000000001,0.716950000000001,1899
2026-07-21T17:30:00+00:00,0.716950000000001,0.7169600000000009,0.7166800000000009,0.716760000000001,1593
2026-07-21T18:00:00+00:00,0.716760000000001,0.7168000000000009,0.7164300000000009,0.716660000000001,2188
2026-07-21T18:30:00+00:00,0.716660000000001,0.7167200000000009,0.716440000000001,0.716710000000001,1485
2026-07-21T19:00:00+00:00,0.716710000000001,0.7167700000000009,0.716610000000001,0.7166800000000009,1592
2026-07-21T19:30:00+00:00,0.7166800000000009,0.7167000000000009,0.7162300000000009,0.716510000000001,2177
2026-07-21T20:00:00+00:00,0.716510000000001,0.7165200000000009,0.7159600000000009,0.7161800000000009,1089
2026-07-21T20:30:00+00:00,0.7161800000000009,0.7161900000000009,0.7159400000000009,0.7160600000000009,930
2026-07-21T21:00:00+00:00,0.7160600000000009,0.716310000000001,0.7156300000000009,0.716310000000001,217.30425997866084
2026-07-21T21:30:00+00:00,0.716310000000001,0.7163500000000009,0.715990000000001,0.7160800000000009,762
2026-07-21T22:00:00+00:00,0.7160800000000009,0.7162500000000009,0.715960000000001,0.716190000000001,654
2026-07-21T22:30:00+00:00,0.716190000000001,0.716210000000001,0.715950000000001,0.716000000000001,435
2026-07-21T23:00:00+00:00,0.716000000000001,0.716150000000001,0.7159100000000009,0.715960000000001,725
2026-07-21T23:30:00+00:00,0.715960000000001,0.7163000000000009,0.715960000000001,0.716280000000001,1008
2026-07-22T00:00:00+00:00,0.716280000000001,0.716700000000001,0.716120000000001,0.716660000000001,3779
2026-07-22T00:30:00+00:00,0.716660000000001,0.717180000000001,0.716370000000001,0.717140000000001,2761
2026-07-22T01:00:00+00:00,0.717140000000001,0.717490000000001,0.716730000000001,0.716810000000001,3652
2026-07-22T01:30:00+00:00,0.716810000000001,0.716960000000001,0.716550000000001,0.716800000000001,3423
2026-07-22T02:00:00+00:00,0.716800000000001,0.717040000000001,0.716280000000001,0.7169100000000009,2801
2026-07-22T02:30:00+00:00,0.7169100000000009,0.717010000000001,0.716480000000001,0.7166400000000009,2779
2026-07-22T03:00:00+00:00,0.7166400000000009,0.716790000000001,0.7162500000000009,0.716770000000001,3269
2026-07-22T03:30:00+00:00,0.716770000000001,0.716830000000001,0.716060000000001,0.716150000000001,2551
2026-07-22T04:00:00+00:00,0.716150000000001,0.716220000000001,0.715870000000001,0.716150000000001,2059
2026-07-22T04:30:00+00:00,0.716150000000001,0.7163000000000009,0.716040000000001,0.716160000000001,1283
2026-07-22T05:00:00+00:00,0.716160000000001,0.716260000000001,0.715990000000001,0.716000000000001,2104
2026-07-22T05:30:00+00:00,0.716000000000001,0.716000000000001,0.715580000000001,0.715950000000001,3605
2026-07-22T06:00:00+00:00,0.715950000000001,0.716240000000001,0.715270000000001,0.715370000000001,3744
2026-07-22T06:30:00+00:00,0.715370000000001,0.715870000000001,0.715220000000001,0.715840000000001,2906
2026-07-22T07:00:00+00:00,0.715840000000001,0.716550000000001,0.715700000000001,0.716330000000001,3647
2026-07-22T07:30:00+00:00,0.716330000000001,0.7167400000000009,0.715680000000001,0.715840000000001,5367
2026-07-22T08:00:00+00:00,0.715840000000001,0.715870000000001,0.715450000000001,0.7158600000000009,3778
2026-07-22T08:30:00+00:00,0.7158600000000009,0.716170000000001,0.715840000000001,0.715970000000001,3512
2026-07-22T09:00:00+00:00,0.715970000000001,0.716160000000001,0.715840000000001,0.715990000000001,3810
2026-07-22T09:30:00+00:00,0.715990000000001,0.7160800000000009,0.7154200000000009,0.715620000000001,3434
2026-07-22T10:00:00+00:00,0.715620000000001,0.715820000000001,0.715380000000001,0.715630000000001,3213
2026-07-22T10:30:00+00:00,0.715630000000001,0.715770000000001,0.715490000000001,0.715490000000001,2770
2026-07-22T11:00:00+00:00,0.715490000000001,0.715680000000001,0.715370000000001,0.715390000000001,3089
2026-07-22T11:30:00+00:00,0.715390000000001,0.715670000000001,0.715150000000001,0.715660000000001,4211
2026-07-22T12:00:00+00:00,0.715660000000001,0.715840000000001,0.7154700000000009,0.715570000000001,3760
2026-07-22T12:30:00+00:00,0.715570000000001,0.715710000000001,0.7142500000000009,0.714710000000001,4056
2026-07-22T13:00:00+00:00,0.714710000000001,0.7158600000000009,0.714700000000001,0.715610000000001,4454
2026-07-22T13:30:00+00:00,0.715610000000001,0.716190000000001,0.715610000000001,0.715730000000001,6433
2026-07-22T14:00:00+00:00,0.715730000000001,0.716000000000001,0.715480000000001,0.715570000000001,5169
2026-07-22T14:30:00+00:00,0.715570000000001,0.716160000000001,0.715510000000001,0.715850000000001,5369
2026-07-22T15:00:00+00:00,0.715850000000001,0.716090000000001,0.715710000000001,0.716070000000001,4095
2026-07-22T15:30:00+00:00,0.716070000000001,0.716270000000001,0.715890000000001,0.716270000000001,3485
2026-07-22T16:00:00+00:00,0.716270000000001,0.716320000000001,0.715670000000001,0.715780000000001,2928
2026-07-22T16:30:00+00:00,0.715780000000001,0.715870000000001,0.715570000000001,0.715780000000001,2315
2026-07-22T17:00:00+00:00,0.715780000000001,0.715920000000001,0.715700000000001,0.715760000000001,2196
2026-07-22T17:30:00+00:00,0.715760000000001,0.715780000000001,0.715430000000001,0.715480000000001,1631
2026-07-22T18:00:00+00:00,0.715480000000001,0.715660000000001,0.715320000000001,0.715660000000001,2222
2026-07-22T18:30:00+00:00,0.715660000000001,0.715760000000001,0.715510000000001,0.715720000000001,1584
2026-07-22T19:00:00+00:00,0.715720000000001,0.715780000000001,0.715540000000001,0.715730000000001,1696
2026-07-22T19:30:00+00:00,0.715730000000001,0.715830000000001,0.715530000000001,0.715750000000001,1946
2026-07-22T20:00:00+00:00,0.715750000000001,0.716060000000001,0.715720000000001,0.7160300000000009,2156
2026-07-22T20:30:00+00:00,0.7160300000000009,0.716040000000001,0.715800000000001,0.715820000000001,1054
2026-07-22T21:00:00+00:00,0.715820000000001,0.715900000000001,0.7150900000000011,0.7151000000000011,222.66525202434372
2026-07-22T21:30:00+00:00,0.7151000000000011,0.715450000000001,0.714840000000001,0.715130000000001,1498
2026-07-22T22:00:00+00:00,0.715130000000001,0.7155300000000011,0.7149900000000011,0.7150000000000011,1060
2026-07-22T22:30:00+00:00,0.7150000000000011,0.7151400000000011,0.7148800000000011,0.7150900000000011,542
2026-07-22T23:00:00+00:00,0.7150900000000011,0.715250000000001,0.715030000000001,0.7151900000000011,1032
2026-07-22T23:30:00+00:00,0.7151900000000011,0.715280000000001,0.7150400000000011,0.7151500000000011,1159
2026-07-23T00:00:00+00:00,0.7151500000000011,0.7154800000000011,0.715030000000001,0.7152900000000011,3370
2026-07-23T00:30:00+00:00,0.7152900000000011,0.715670000000001,0.7151900000000011,0.715640000000001,2475
2026-07-23T01:00:00+00:00,0.715640000000001,0.7160700000000011,0.715640000000001,0.715860000000001,3541
2026-07-23T01:30:00+00:00,0.715860000000001,0.718300000000001,0.715860000000001,0.717300000000001,7486
2026-07-23T02:00:00+00:00,0.717300000000001,0.7178800000000011,0.7172000000000011,0.7172700000000011,3304
2026-07-23T02:30:00+00:00,0.7172700000000011,0.7179800000000011,0.7172700000000011,0.7177800000000011,3475
2026-07-23T03:00:00+00:00,0.7177800000000011,0.7178800000000011,0.7173600000000011,0.7178200000000011,3064
2026-07-23T03:30:00+00:00,0.7178200000000011,0.718130000000001,0.7177100000000011,0.7180700000000011,3221
2026-07-23T04:00:00+00:00,0.7180700000000011,0.7183400000000011,0.717960000000001,0.7181700000000011,3338
2026-07-23T04:30:00+00:00,0.7181700000000011,0.7182100000000011,0.7175500000000011,0.7177300000000011,2365
2026-07-23T05:00:00+00:00,0.7177300000000011,0.717940000000001,0.7174100000000011,0.717740000000001,2539
2026-07-23T05:30:00+00:00,0.717740000000001,0.717740000000001,0.7174100000000011,0.7174400000000011,2619
2026-07-23T06:00:00+00:00,0.7174400000000011,0.7177000000000011,0.717330000000001,0.717500000000001,2939
2026-07-23T06:30:00+00:00,0.717500000000001,0.7176000000000011,0.7167700000000011,0.716790000000001,2886
2026-07-23T07:00:00+00:00,0.716790000000001,0.7171900000000011,0.7163400000000011,0.7168800000000011,5009
2026-07-23T07:30:00+00:00,0.7168800000000011,0.7169700000000011,0.7159400000000011,0.716570000000001,4810
2026-07-23T08:00:00+00:00,0.716570000000001,0.7167000000000011,0.7159900000000011,0.7162400000000011,4407
2026-07-23T08:30:00+00:00,0.7162400000000011,0.7164300000000011,0.7159700000000011,0.716280000000001,4266
2026-07-23T09:00:00+00:00,0.716280000000001,0.7168200000000011,0.7160500000000011,0.7160900000000011,3095
2026-07-23T09:30:00+00:00,0.7160900000000011,0.716400000000001,0.7159800000000011,0.7160900000000011,3194
2026-07-23T10:00:00+00:00,0.7160900000000011,0.7161400000000011,0.7157700000000011,0.7160200000000011,3225
2026-07-23T10:30:00+00:00,0.7160200000000011,0.7162900000000011,0.7158200000000011,0.7159800000000011,3105
2026-07-23T11:00:00+00:00,0.7159800000000011,0.716060000000001,0.7156600000000011,0.7157800000000011,3309
2026-07-23T11:30:00+00:00,0.7157800000000011,0.7158300000000011,0.7146300000000011,0.715520000000001,5514
2026-07-23T12:00:00+00:00,0.715520000000001,0.7156100000000011,0.714400000000001,0.7146100000000011,4727
2026-07-23T12:30:00+00:00,0.7146100000000011,0.7146100000000011,0.7136800000000011,0.714110000000001,6126
2026-07-23T13:00:00+00:00,0.714110000000001,0.7141500000000011,0.712960000000001,0.713500000000001,7414
2026-07-23T13:30:00+00:00,0.713500000000001,0.7144600000000011,0.713450000000001,0.713500000000001,9196
2026-07-23T14:00:00+00:00,0.713500000000001,0.7139000000000011,0.713080000000001,0.7138000000000011,9373
2026-07-23T14:30:00+00:00,0.7138000000000011,0.714110000000001,0.7131400000000011,0.7135600000000011,7512
2026-07-23T15:00:00+00:00,0.7135600000000011,0.7138300000000011,0.7130500000000011,0.7130500000000011,7577
2026-07-23T15:30:00+00:00,0.7130500000000011,0.713860000000001,0.712690000000001,0.7136500000000011,6882
2026-07-23T16:00:00+00:00,0.7136500000000011,0.714080000000001,0.7135400000000011,0.7139400000000011,4773
2026-07-23T16:30:00+00:00,0.7139400000000011,0.714060000000001,0.7137100000000011,0.714010000000001,3951
2026-07-23T17:00:00+00:00,0.714010000000001,0.714030000000001,0.713620000000001,0.713670000000001,4013
2026-07-23T17:30:00+00:00,0.713670000000001,0.7136800000000011,0.7131500000000011,0.7131600000000011,3244
2026-07-23T18:00:00+00:00,0.7131600000000011,0.7132200000000011,0.7128500000000011,0.7129800000000011,2949
2026-07-23T18:30:00+00:00,0.7129800000000011,0.7131100000000011,0.7126600000000011,0.712840000000001,2427
2026-07-23T19:00:00+00:00,0.712840000000001,0.7129500000000011,0.7124400000000011,0.7126800000000011,2318
2026-07-23T19:30:00+00:00,0.7126800000000011,0.7129200000000011,0.712470000000001,0.712810000000001,2842
2026-07-23T20:00:00+00:00,0.712810000000001,0.7130500000000011,0.712810000000001,0.713030000000001,1074
2026-07-23T20:30:00+00:00,0.713030000000001,0.7131000000000011,0.712890000000001,0.7129700000000011,872
2026-07-23T21:00:00+00:00,0.7129700000000011,0.7130500000000011,0.7123300000000011,0.7130200000000011,364.7077473476437
2026-07-23T21:30:00+00:00,0.7130200000000011,0.7130700000000011,0.7126600000000011,0.7129400000000011,938.8151604016707
2026-07-23T22:00:00+00:00,0.7129400000000011,0.7131000000000011,0.7128800000000011,0.7129800000000011,851
2026-07-23T22:30:00+00:00,0.7129800000000011,0.7130900000000011,0.7129400000000011,0.713060000000001,489
2026-07-23T23:00:00+00:00,0.713060000000001,0.7131000000000011,0.7129400000000011,0.7130500000000011,681
2026-07-23T23:30:00+00:00,0.7130500000000011,0.7131900000000011,0.7128000000000011,0.7129200000000011,1523
2026-07-24T00:00:00+00:00,0.7129200000000011,0.7132900000000011,0.7128200000000011,0.7131100000000011,4401
2026-07-24T00:30:00+00:00,0.7131100000000011,0.7139000000000011,0.7130200000000011,0.7138700000000011,2938
2026-07-24T01:00:00+00:00,0.7138700000000011,0.7139300000000011,0.713450000000001,0.713450000000001,4090
2026-07-24T01:30:00+00:00,0.713450000000001,0.714180000000001,0.7134100000000011,0.7138300000000011,3691
2026-07-24T02:00:00+00:00,0.7138300000000011,0.714180000000001,0.7135500000000011,0.7141200000000011,3541
2026-07-24T02:30:00+00:00,0.7141200000000011,0.7143100000000011,0.7135300000000011,0.7135300000000011,3143
2026-07-24T03:00:00+00:00,0.7135300000000011,0.7139200000000011,0.7135100000000011,0.7136300000000011,2850
2026-07-24T03:30:00+00:00,0.7136300000000011,0.713910000000001,0.713520000000001,0.7136800000000011,2085
2026-07-24T04:00:00+00:00,0.7136800000000011,0.7139300000000011,0.713620000000001,0.7137600000000011,2366
2026-07-24T04:30:00+00:00,0.7137600000000011,0.7137600000000011,0.713350000000001,0.7135500000000011,2312
2026-07-24T05:00:00+00:00,0.7135500000000011,0.714080000000001,0.713500000000001,0.7140000000000011,2924
2026-07-24T05:30:00+00:00,0.7140000000000011,0.7142000000000011,0.7135300000000011,0.7135400000000011,3259
2026-07-24T06:00:00+00:00,0.7135400000000011,0.7143200000000011,0.7135400000000011,0.714300000000001,3440
2026-07-24T06:30:00+00:00,0.714300000000001,0.714570000000001,0.7140900000000011,0.714570000000001,2912
2026-07-24T07:00:00+00:00,0.714570000000001,0.715110000000001,0.7145500000000011,0.715010000000001,4124
2026-07-24T07:30:00+00:00,0.715010000000001,0.715180000000001,0.7144100000000011,0.7146500000000011,3415
2026-07-24T08:00:00+00:00,0.7146500000000011,0.715110000000001,0.7144800000000011,0.715080000000001,3268
2026-07-24T08:30:00+00:00,0.715080000000001,0.715130000000001,0.7148200000000011,0.7149900000000011,2999
2026-07-24T09:00:00+00:00,0.7149900000000011,0.7152100000000011,0.7148500000000011,0.7151500000000011,3058
2026-07-24T09:30:00+00:00,0.7151500000000011,0.715420000000001,0.714890000000001,0.715420000000001,2640
2026-07-24T10:00:00+00:00,0.715420000000001,0.7157600000000011,0.7152700000000011,0.715690000000001,2838
2026-07-24T10:30:00+00:00,0.715690000000001,0.7157700000000011,0.7152400000000011,0.7153900000000011,2709
2026-07-24T11:00:00+00:00,0.7153900000000011,0.7155600000000011,0.7151700000000011,0.715180000000001,2435
2026-07-24T11:30:00+00:00,0.715180000000001,0.7152600000000011,0.714740000000001,0.715030000000001,3027
2026-07-24T12:00:00+00:00,0.715030000000001,0.715110000000001,0.714500000000001,0.7145400000000011,3681
2026-07-24T12:30:00+00:00,0.7145400000000011,0.7146000000000011,0.7136800000000011,0.713860000000001,3572
2026-07-24T13:00:00+00:00,0.713860000000001,0.714010000000001,0.7136600000000011,0.713890000000001,4658
2026-07-24T13:30:00+00:00,0.713890000000001,0.7139500000000011,0.7134900000000011,0.7139300000000011,5460
2026-07-24T14:00:00+00:00,0.7139300000000011,0.714670000000001,0.7139200000000011,0.7143400000000011,6428
2026-07-24T14:30:00+00:00,0.7143400000000011,0.7151500000000011,0.714280000000001,0.7149800000000011,5319
2026-07-24T15:00:00+00:00,0.7149800000000011,0.716300000000001,0.7149500000000011,0.7155100000000011,7314
2026-07-24T15:30:00+00:00,0.7155100000000011,0.715790000000001,0.7151900000000011,0.7157500000000011,4849
2026-07-24T16:00:00+00:00,0.7157500000000011,0.7158200000000011,0.7155800000000011,0.7156800000000011,2981
2026-07-24T16:30:00+00:00,0.7156800000000011,0.7157300000000011,0.715080000000001,0.7152700000000011,3062
2026-07-24T17:00:00+00:00,0.7152700000000011,0.7153200000000011,0.7147200000000011,0.7149400000000011,3532
2026-07-24T17:30:00+00:00,0.7149400000000011,0.715060000000001,0.7146600000000011,0.7148100000000011,1900
2026-07-24T18:00:00+00:00,0.7148100000000011,0.714860000000001,0.7145500000000011,0.7145800000000011,2410
2026-07-24T18:30:00+00:00,0.7145800000000011,0.714620000000001,0.714350000000001,0.7145100000000011,2196
2026-07-24T19:00:00+00:00,0.7145100000000011,0.7145500000000011,0.7141400000000011,0.7141600000000011,2249
2026-07-24T19:30:00+00:00,0.7141600000000011,0.7144400000000011,0.714130000000001,0.7142600000000011,3410
2026-07-24T20:00:00+00:00,0.7142600000000011,0.7142900000000011,0.714080000000001,0.7142600000000011,663
2026-07-24T20:30:00+00:00,0.7142600000000011,0.714330000000001,0.7139300000000011,0.7140200000000011,1024.9475062921156
2026-07-26T21:00:00+00:00,0.7140200000000011,0.7147300000000011,0.7139200000000011,0.7142800000000011,351.37328160972885
2026-07-26T21:30:00+00:00,0.7142800000000011,0.7144200000000012,0.7135400000000011,0.7141000000000011,1131.8412394656589
2026-07-26T22:00:00+00:00,0.7141000000000011,0.714790000000001,0.713640000000001,0.7137600000000011,2506
2026-07-26T22:30:00+00:00,0.7137600000000011,0.7137600000000011,0.713210000000001,0.713310000000001,1065
2026-07-26T23:00:00+00:00,0.713310000000001,0.7135100000000011,0.713200000000001,0.713250000000001,1229
2026-07-26T23:30:00+00:00,0.713250000000001,0.7136800000000011,0.7132400000000011,0.7135400000000011,2119
2026-07-27T00:00:00+00:00,0.7135400000000011,0.714240000000001,0.713530000000001,0.7141700000000011,6828
2026-07-27T00:30:00+00:00,0.7141700000000011,0.714350000000001,0.713400000000001,0.713450000000001,4552
2026-07-27T01:00:00+00:00,0.713450000000001,0.7140700000000011,0.713400000000001,0.713860000000001,4411
2026-07-27T01:30:00+00:00,0.713860000000001,0.7146800000000011,0.713550000000001,0.7146600000000011,5031
2026-07-27T02:00:00+00:00,0.7146600000000011,0.714690000000001,0.7139800000000011,0.714250000000001,4196
2026-07-27T02:30:00+00:00,0.714250000000001,0.7143400000000011,0.7139500000000011,0.713990000000001,3028
2026-07-27T03:00:00+00:00,0.713990000000001,0.7141500000000011,0.713810000000001,0.7138300000000011,2510
2026-07-27T03:30:00+00:00,0.7138300000000011,0.713990000000001,0.713500000000001,0.713970000000001,2577
2026-07-27T04:00:00+00:00,0.713970000000001,0.714110000000001,0.713550000000001,0.713690000000001,2394
2026-07-27T04:30:00+00:00,0.713690000000001,0.713940000000001,0.713640000000001,0.7137800000000011,2046
2026-07-27T05:00:00+00:00,0.7137800000000011,0.714280000000001,0.713740000000001,0.714280000000001,2429
2026-07-27T05:30:00+00:00,0.714280000000001,0.7144900000000011,0.714140000000001,0.7143200000000011,2097
2026-07-27T06:00:00+00:00,0.7143200000000011,0.7147800000000011,0.714230000000001,0.714770000000001,3401
2026-07-27T06:30:00+00:00,0.714770000000001,0.715260000000001,0.714640000000001,0.714700000000001,3080
2026-07-27T07:00:00+00:00,0.714700000000001,0.715110000000001,0.714500000000001,0.714790000000001,4299
2026-07-27T07:30:00+00:00,0.714790000000001,0.7148100000000011,0.714160000000001,0.714160000000001,3691
2026-07-27T08:00:00+00:00,0.714160000000001,0.7144600000000011,0.7141200000000011,0.7142000000000011,3759
2026-07-27T08:30:00+00:00,0.7142000000000011,0.714530000000001,0.7141200000000011,0.714430000000001,2763
2026-07-27T09:00:00+00:00,0.714430000000001,0.7145100000000011,0.714080000000001,0.714230000000001,2728
2026-07-27T09:30:00+00:00,0.714230000000001,0.7144600000000011,0.714160000000001,0.7143200000000011,2724
2026-07-27T10:00:00+00:00,0.7143200000000011,0.7145400000000011,0.7140700000000011,0.714350000000001,2912
2026-07-27T10:30:00+00:00,0.714350000000001,0.714700000000001,0.7142900000000011,0.714350000000001,2831
2026-07-27T11:00:00+00:00,0.714350000000001,0.714480000000001,0.7141000000000011,0.714250000000001,3160
2026-07-27T11:30:00+00:00,0.714250000000001,0.7145900000000011,0.7138500000000011,0.7139300000000011,3729
2026-07-27T12:00:00+00:00,0.7139300000000011,0.7142200000000011,0.713630000000001,0.7136800000000011,3981
2026-07-27T12:30:00+00:00,0.7136800000000011,0.7139300000000011,0.713400000000001,0.7137600000000011,3371
2026-07-27T13:00:00+00:00,0.7137600000000011,0.713970000000001,0.7135600000000011,0.713690000000001,4120
2026-07-27T13:30:00+00:00,0.713690000000001,0.714250000000001,0.713630000000001,0.713740000000001,6266
2026-07-27T14:00:00+00:00,0.713740000000001,0.713860000000001,0.712920000000001,0.7129500000000011,6245
2026-07-27T14:30:00+00:00,0.7129500000000011,0.713450000000001,0.7126600000000011,0.7133900000000011,6622
2026-07-27T15:00:00+00:00,0.7133900000000011,0.713740000000001,0.7131700000000011,0.7134900000000011,6051
2026-07-27T15:30:00+00:00,0.7134900000000011,0.713550000000001,0.7131000000000011,0.7133700000000011,4746
2026-07-27T16:00:00+00:00,0.7133700000000011,0.7139300000000011,0.713190000000001,0.713820000000001,4598
2026-07-27T16:30:00+00:00,0.713820000000001,0.714090000000001,0.7134600000000011,0.713600000000001,3413
2026-07-27T17:00:00+00:00,0.713600000000001,0.7136100000000011,0.712890000000001,0.7129500000000011,3870
2026-07-27T17:30:00+00:00,0.7129500000000011,0.7131500000000011,0.7128300000000011,0.7130700000000011,2903
2026-07-27T18:00:00+00:00,0.7130700000000011,0.7131000000000011,0.7128500000000011,0.712960000000001,3170
2026-07-27T18:30:00+00:00,0.712960000000001,0.713090000000001,0.712740000000001,0.712990000000001,3648
2026-07-27T19:00:00+00:00,0.712990000000001,0.7132700000000011,0.712910000000001,0.7132700000000011,2163
2026-07-27T19:30:00+00:00,0.7132700000000011,0.713500000000001,0.7132400000000011,0.713380000000001,2310
2026-07-27T20:00:00+00:00,0.713380000000001,0.713410000000001,0.7131200000000011,0.713140000000001,688
2026-07-27T20:30:00+00:00,0.713140000000001,0.713200000000001,0.712970000000001,0.712970000000001,750
2026-07-27T21:00:00+00:00,0.712970000000001,0.713720000000001,0.7128300000000011,0.7130400000000011,230.91740459948545
2026-07-27T21:30:00+00:00,0.7130400000000011,0.7132800000000011,0.7128700000000011,0.7132400000000011,952
2026-07-27T22:00:00+00:00,0.7132400000000011,0.7132400000000011,0.7130600000000011,0.7131600000000011,677
2026-07-27T22:30:00+00:00,0.7131600000000011,0.7132200000000011,0.7130700000000011,0.7130700000000011,486.1321904761905
2026-07-27T23:00:00+00:00,0.7130700000000011,0.7130700000000011,0.7129000000000011,0.7130700000000011,856
2026-07-27T23:30:00+00:00,0.7130700000000011,0.7130700000000011,0.7128300000000011,0.7130200000000011,1068
2026-07-28T00:00:00+00:00,0.7130200000000011,0.7131100000000011,0.7124900000000011,0.7127800000000011,3524
2026-07-28T00:30:00+00:00,0.7127800000000011,0.7133200000000011,0.7127800000000011,0.7132700000000011,3401
2026-07-28T01:00:00+00:00,0.7132700000000011,0.7135400000000011,0.7129400000000011,0.7134500000000011,4425
2026-07-28T01:30:00+00:00,0.7134500000000011,0.713790000000001,0.7130500000000011,0.713300000000001,3936
2026-07-28T02:00:00+00:00,0.713300000000001,0.7140000000000011,0.713200000000001,0.7135800000000011,3603
2026-07-28T02:30:00+00:00,0.7135800000000011,0.7139200000000011,0.7134300000000011,0.7136800000000011,3831
2026-07-28T03:00:00+00:00,0.7136800000000011,0.713810000000001,0.712860000000001,0.7133300000000011,4365
2026-07-28T03:30:00+00:00,0.7133300000000011,0.7136600000000011,0.7123700000000011,0.7124600000000011,5005
2026-07-28T04:00:00+00:00,0.7124600000000011,0.7124600000000011,0.7113300000000011,0.7115100000000011,4173
2026-07-28T04:30:00+00:00,0.7115100000000011,0.7117200000000011,0.711400000000001,0.7114600000000011,1758
2026-07-28T05:00:00+00:00,0.7114600000000011,0.7115300000000011,0.7106300000000011,0.7109800000000011,3638
2026-07-28T05:30:00+00:00,0.7109800000000011,0.7112800000000011,0.7108300000000011,0.711030000000001,3291
2026-07-28T06:00:00+00:00,0.711030000000001,0.7115400000000011,0.7107000000000011,0.711470000000001,4064
2026-07-28T06:30:00+00:00,0.711470000000001,0.711860000000001,0.7113700000000011,0.711470000000001,2693
2026-07-28T07:00:00+00:00,0.711470000000001,0.7119700000000011,0.711250000000001,0.7116600000000011,4115
2026-07-28T07:30:00+00:00,0.7116600000000011,0.7116800000000011,0.710960000000001,0.7112300000000011,3495
2026-07-28T08:00:00+00:00,0.7112300000000011,0.711590000000001,0.7109500000000011,0.7114100000000011,5192
2026-07-28T08:30:00+00:00,0.7114100000000011,0.7117100000000011,0.7112800000000011,0.7116700000000011,3881
2026-07-28T09:00:00+00:00,0.7116700000000011,0.7118300000000011,0.7114500000000011,0.7116300000000011,2417
2026-07-28T09:30:00+00:00,0.7116300000000011,0.7116300000000011,0.7108000000000011,0.7108500000000011,3246
2026-07-28T10:00:00+00:00,0.7108500000000011,0.7109300000000011,0.7106500000000011,0.7109200000000011,2715
2026-07-28T10:30:00+00:00,0.7109200000000011,0.7110600000000011,0.7106000000000011,0.7108700000000011,3677
2026-07-28T11:00:00+00:00,0.7108700000000011,0.7110900000000011,0.7106700000000011,0.7107600000000011,4999
2026-07-28T11:30:00+00:00,0.7107600000000011,0.7110500000000011,0.7106300000000011,0.7108500000000011,4517
2026-07-28T12:00:00+00:00,0.7108500000000011,0.7112800000000011,0.710810000000001,0.7112200000000011,3581
2026-07-28T12:30:00+00:00,0.7112200000000011,0.7115100000000011,0.7109900000000011,0.7112600000000011,3403
2026-07-28T13:00:00+00:00,0.7112600000000011,0.7117500000000011,0.7112300000000011,0.7114400000000011,3460
2026-07-28T13:30:00+00:00,0.7114400000000011,0.711520000000001,0.7108800000000011,0.7114300000000011,5885
2026-07-28T14:00:00+00:00,0.7114300000000011,0.7117800000000011,0.7106600000000011,0.711350000000001,5849
2026-07-28T14:30:00+00:00,0.711350000000001,0.7114400000000011,0.7109900000000011,0.7110200000000011,5717
2026-07-28T15:00:00+00:00,0.7110200000000011,0.7123700000000011,0.7108900000000011,0.7122800000000011,8254
2026-07-28T15:30:00+00:00,0.7122800000000011,0.7126500000000011,0.7120600000000011,0.7126500000000011,5034
2026-07-28T16:00:00+00:00,0.7126500000000011,0.7129900000000011,0.7125500000000011,0.7129000000000011,4012
2026-07-28T16:30:00+00:00,0.7129000000000011,0.7129000000000011,0.712400000000001,0.7125400000000011,3587
2026-07-28T17:00:00+00:00,0.7125400000000011,0.7127000000000011,0.7121600000000011,0.7121600000000011,3177
2026-07-28T17:30:00+00:00,0.7121600000000011,0.7122800000000011,0.711810000000001,0.7118700000000011,2124
2026-07-28T18:00:00+00:00,0.7118700000000011,0.7120700000000011,0.7117100000000011,0.7117800000000011,2541
2026-07-28T18:30:00+00:00,0.7117800000000011,0.711960000000001,0.7117300000000011,0.7118200000000011,1907
2026-07-28T19:00:00+00:00,0.7118200000000011,0.7121200000000011,0.7118000000000011,0.712030000000001,1944
2026-07-28T19:30:00+00:00,0.712030000000001,0.7121200000000011,0.7117800000000011,0.7118000000000011,1899
2026-07-28T20:00:00+00:00,0.7118000000000011,0.7119000000000011,0.7116700000000011,0.7118200000000011,991
2026-07-28T20:30:00+00:00,0.7118200000000011,0.7118500000000011,0.7116700000000011,0.7116700000000011,1062
2026-07-28T21:00:00+00:00,0.7116700000000011,0.7116700000000011,0.710910000000001,0.7110800000000012,613.2037487242778
2026-07-28T21:30:00+00:00,0.7110800000000012,0.7113100000000011,0.7110000000000011,0.7111600000000011,4517
2026-07-28T22:00:00+00:00,0.7111600000000011,0.711590000000001,0.7110200000000011,0.7112200000000011,870
2026-07-28T22:30:00+00:00,0.7112200000000011,0.7113300000000011,0.7109900000000011,0.7112700000000011,1347
2026-07-28T23:00:00+00:00,0.7112700000000011,0.711590000000001,0.7111600000000011,0.7115400000000011,1406
2026-07-28T23:30:00+00:00,0.7115400000000011,0.7117500000000011,0.7113400000000011,0.7114100000000011,1893
2026-07-29T00:00:00+00:00,0.7114100000000011,0.711590000000001,0.7109000000000011,0.7114300000000011,4780
2026-07-29T00:30:00+00:00,0.7114300000000011,0.7115100000000011,0.7108900000000011,0.7109600000000011,3559
2026-07-29T01:00:00+00:00,0.7109600000000011,0.7112300000000011,0.7106500000000011,0.711030000000001,4470
2026-07-29T01:30:00+00:00,0.711030000000001,0.711030000000001,0.7076900000000012,0.7086300000000011,11367
2026-07-29T02:00:00+00:00,0.7086300000000011,0.7096300000000011,0.7083800000000011,0.7093400000000011,6413
2026-07-29T02:30:00+00:00,0.7093400000000011,0.709370000000001,0.7085400000000011,0.7088000000000011,4238
2026-07-29T03:00:00+00:00,0.7088000000000011,0.7090800000000012,0.7084800000000011,0.7085200000000011,3788
2026-07-29T03:30:00+00:00,0.7085200000000011,0.7090200000000011,0.708370000000001,0.7086600000000011,3649
2026-07-29T04:00:00+00:00,0.7086600000000011,0.7086900000000012,0.7082200000000011,0.7082800000000011,3673
2026-07-29T04:30:00+00:00,0.7082800000000011,0.7092600000000011,0.7082100000000011,0.709200000000001,4304
2026-07-29T05:00:00+00:00,0.709200000000001,0.7095700000000011,0.709200000000001,0.7092400000000011,3606
2026-07-29T05:30:00+00:00,0.7092400000000011,0.7097200000000011,0.7091600000000011,0.7095400000000011,3741
2026-07-29T06:00:00+00:00,0.7095400000000011,0.7099200000000011,0.7092200000000011,0.709420000000001,3438
2026-07-29T06:30:00+00:00,0.709420000000001,0.7095800000000011,0.7091100000000011,0.709200000000001,2463
2026-07-29T07:00:00+00:00,0.709200000000001,0.7096500000000011,0.7091600000000011,0.7094300000000011,3231
2026-07-29T07:30:00+00:00,0.7094300000000011,0.7094500000000011,0.7086900000000012,0.7087500000000011,2482
2026-07-29T08:00:00+00:00,0.7087500000000011,0.7087800000000011,0.7081600000000011,0.7083100000000011,3287
2026-07-29T08:30:00+00:00,0.7083100000000011,0.708590000000001,0.7080700000000011,0.7083000000000012,2635
2026-07-29T09:00:00+00:00,0.7083000000000012,0.708420000000001,0.7081100000000011,0.7083900000000011,2574
2026-07-29T09:30:00+00:00,0.7083900000000011,0.7084700000000012,0.7080000000000011,0.7081000000000011,2414
2026-07-29T10:00:00+00:00,0.7081000000000011,0.7083100000000011,0.7079400000000011,0.7082900000000011,3429
2026-07-29T10:30:00+00:00,0.7082900000000011,0.7083500000000011,0.7078900000000011,0.7080900000000011,2660
2026-07-29T11:00:00+00:00,0.7080900000000011,0.7085100000000011,0.7080800000000012,0.7084800000000011,2436
2026-07-29T11:30:00+00:00,0.7084800000000011,0.7084900000000011,0.7079600000000011,0.7083100000000011,2584
2026-07-29T12:00:00+00:00,0.7083100000000011,0.7084100000000011,0.7074700000000012,0.7078500000000011,4708
2026-07-29T12:30:00+00:00,0.7078500000000011,0.708200000000001,0.7076800000000011,0.708200000000001,3202
2026-07-29T13:00:00+00:00,0.708200000000001,0.7086300000000011,0.707980000000001,0.7084900000000011,3738
2026-07-29T13:30:00+00:00,0.7084900000000011,0.7089200000000011,0.7082800000000011,0.7088900000000011,5358
2026-07-29T14:00:00+00:00,0.7088900000000011,0.7091000000000011,0.7082300000000011,0.708590000000001,5376
2026-07-29T14:30:00+00:00,0.708590000000001,0.7086700000000011,0.706370000000001,0.706370000000001,6658
2026-07-29T15:00:00+00:00,0.706370000000001,0.7070100000000011,0.7062800000000011,0.706590000000001,6072
2026-07-29T15:30:00+00:00,0.706590000000001,0.7070500000000011,0.7064900000000011,0.7069100000000011,3731
2026-07-29T16:00:00+00:00,0.7069100000000011,0.7069700000000011,0.706200000000001,0.7066500000000011,3658
2026-07-29T16:30:00+00:00,0.7066500000000011,0.7069100000000011,0.7062400000000011,0.7068000000000011,3391
2026-07-29T17:00:00+00:00,0.7068000000000011,0.7074300000000011,0.7067000000000011,0.7071400000000011,3721
2026-07-29T17:30:00+00:00,0.7071400000000011,0.7076300000000011,0.7070500000000011,0.707370000000001,3379
2026-07-29T18:00:00+00:00,0.707370000000001,0.7100900000000011,0.7067100000000011,0.709370000000001,16151
2026-07-29T18:30:00+00:00,0.709370000000001,0.7124100000000011,0.7081500000000011,0.7123800000000011,18548
2026-07-29T19:00:00+00:00,0.7123800000000011,0.7128400000000011,0.7104400000000011,0.7108300000000011,17162
2026-07-29T19:30:00+00:00,0.7108300000000011,0.7109400000000011,0.7086900000000012,0.7087800000000011,17204
2026-07-29T20:00:00+00:00,0.7087800000000011,0.7093100000000011,0.7084800000000011,0.7086900000000012,6301
2026-07-29T20:30:00+00:00,0.7086900000000012,0.7095100000000011,0.7085000000000011,0.709370000000001,3248
2026-07-29T21:00:00+00:00,0.709370000000001,0.709370000000001,0.7086000000000011,0.7089100000000012,1055
2026-07-29T21:30:00+00:00,0.7089100000000012,0.7093000000000012,0.708590000000001,0.7088300000000011,1425
2026-07-29T22:00:00+00:00,0.7088300000000011,0.7098400000000011,0.7088300000000011,0.709590000000001,1301
2026-07-29T22:30:00+00:00,0.709590000000001,0.7098500000000011,0.709590000000001,0.709810000000001,752
2026-07-29T23:00:00+00:00,0.709810000000001,0.7104000000000011,0.7097700000000011,0.7097800000000011,1761
2026-07-29T23:30:00+00:00,0.7097800000000011,0.7101100000000011,0.7097400000000011,0.7098600000000012,2484
2026-07-30T00:00:00+00:00,0.7098600000000012,0.7105400000000011,0.7096000000000011,0.7097400000000011,7580
2026-07-30T00:30:00+00:00,0.7097400000000011,0.709810000000001,0.7090200000000011,0.709640000000001,5837
2026-07-30T01:00:00+00:00,0.709640000000001,0.7101700000000011,0.7095500000000011,0.7098200000000011,5706
2026-07-30T01:30:00+00:00,0.7098200000000011,0.7103700000000011,0.7097700000000011,0.7098400000000011,3841
2026-07-30T02:00:00+00:00,0.7098400000000011,0.7102300000000011,0.7098200000000011,0.7101100000000011,3514
2026-07-30T02:30:00+00:00,0.7101100000000011,0.7101100000000011,0.7094100000000011,0.7094100000000011,3595
2026-07-30T03:00:00+00:00,0.7094100000000011,0.7097000000000011,0.7089400000000011,0.7092500000000012,3537
2026-07-30T03:30:00+00:00,0.7092500000000012,0.7094900000000011,0.7090500000000011,0.7090600000000011,3645
2026-07-30T04:00:00+00:00,0.7090600000000011,0.7093600000000011,0.7090000000000011,0.7093600000000011,2928
2026-07-30T04:30:00+00:00,0.7093600000000011,0.7093600000000011,0.7089000000000011,0.7090000000000011,2520
2026-07-30T05:00:00+00:00,0.7090000000000011,0.7094300000000011,0.7088000000000011,0.709370000000001,3613
2026-07-30T05:30:00+00:00,0.709370000000001,0.7096500000000011,0.7087800000000011,0.708980000000001,4177
2026-07-30T06:00:00+00:00,0.708980000000001,0.7091100000000011,0.708590000000001,0.7089100000000012,4904
2026-07-30T06:30:00+00:00,0.7089100000000012,0.7095400000000011,0.7088800000000011,0.7093000000000012,3645
2026-07-30T07:00:00+00:00,0.7093000000000012,0.7102200000000011,0.7093000000000012,0.7093900000000011,7257
2026-07-30T07:30:00+00:00,0.7093900000000011,0.7095600000000011,0.7089900000000011,0.7090200000000011,4069
2026-07-30T08:00:00+00:00,0.7090200000000011,0.710280000000001,0.7089700000000011,0.710260000000001,4647
2026-07-30T08:30:00+00:00,0.710260000000001,0.710430000000001,0.709890000000001,0.7100700000000011,3883
2026-07-30T09:00:00+00:00,0.7100700000000011,0.7112200000000011,0.7100500000000011,0.710940000000001,4683
2026-07-30T09:30:00+00:00,0.710940000000001,0.7116800000000011,0.710820000000001,0.7113400000000011,4083
2026-07-30T10:00:00+00:00,0.7113400000000011,0.712420000000001,0.7112200000000011,0.711620000000001,5206
2026-07-30T10:30:00+00:00,0.711620000000001,0.7122200000000011,0.7116100000000011,0.711750000000001,4654
2026-07-30T11:00:00+00:00,0.711750000000001,0.7120000000000011,0.711530000000001,0.7117800000000011,3588
2026-07-30T11:30:00+00:00,0.7117800000000011,0.712310000000001,0.711590000000001,0.712310000000001,3067
2026-07-30T12:00:00+00:00,0.712310000000001,0.712520000000001,0.7120500000000011,0.7121200000000011,4143
2026-07-30T12:30:00+00:00,0.7121200000000011,0.7125100000000011,0.7115600000000011,0.7116100000000011,6534
2026-07-30T13:00:00+00:00,0.7116100000000011,0.712350000000001,0.7114400000000011,0.7123200000000011,6011
2026-07-30T13:30:00+00:00,0.7123200000000011,0.715960000000001,0.712230000000001,0.7159500000000011,13675
2026-07-30T14:00:00+00:00,0.7159500000000011,0.716500000000001,0.715250000000001,0.7154900000000011,14550
2026-07-30T14:30:00+00:00,0.7154900000000011,0.716010000000001,0.714350000000001,0.714520000000001,8921
2026-07-30T15:00:00+00:00,0.714520000000001,0.715330000000001,0.714430000000001,0.7152900000000011,7957
2026-07-30T15:30:00+00:00,0.7152900000000011,0.716500000000001,0.715180000000001,0.716190000000001,5309
2026-07-30T16:00:00+00:00,0.716190000000001,0.716920000000001,0.716190000000001,0.7168300000000011,4366
2026-07-30T16:30:00+00:00,0.7168300000000011,0.716920000000001,0.7163700000000011,0.7167300000000011,4115
2026-07-30T17:00:00+00:00,0.7167300000000011,0.7169300000000011,0.716350000000001,0.7163900000000011,3533
2026-07-30T17:30:00+00:00,0.7163900000000011,0.717190000000001,0.7162900000000011,0.717090000000001,6011
2026-07-30T18:00:00+00:00,0.717090000000001,0.7173900000000011,0.7167800000000011,0.716960000000001,3078
2026-07-30T18:30:00+00:00,0.716960000000001,0.717110000000001,0.716790000000001,0.7170200000000011,2717
2026-07-30T19:00:00+00:00,0.7170200000000011,0.717330000000001,0.716860000000001,0.717190000000001,2612
2026-07-30T19:30:00+00:00,0.717190000000001,0.7173200000000011,0.716960000000001,0.717260000000001,2117
2026-07-30T20:00:00+00:00,0.717260000000001,0.717410000000001,0.7171000000000011,0.7171000000000011,2088
2026-07-30T20:30:00+00:00,0.7171000000000011,0.7172700000000011,0.716520000000001,0.7165600000000011,1602
2026-07-30T21:00:00+00:00,0.7165600000000011,0.7167400000000009,0.716040000000001,0.716430000000001,385.86350455572415
2026-07-30T21:30:00+00:00,0.716430000000001,0.716510000000001,0.716040000000001,0.716460000000001,306
2026-07-30T22:00:00+00:00,0.716460000000001,0.716970000000001,0.716460000000001,0.716870000000001,1086
2026-07-30T22:30:00+00:00,0.716870000000001,0.7171300000000009,0.716850000000001,0.7169700000000009,888.3414168937329
2026-07-30T23:00:00+00:00,0.7169700000000009,0.717170000000001,0.716630000000001,0.716660000000001,1636
2026-07-30T23:30:00+00:00,0.716660000000001,0.716780000000001,0.716410000000001,0.7165500000000009,2068
2026-07-31T00:00:00+00:00,0.7165500000000009,0.717220000000001,0.716410000000001,0.7169900000000009,4857
2026-07-31T00:30:00+00:00,0.7169900000000009,0.7173000000000009,0.716760000000001,0.7170600000000009,3739
2026-07-31T01:00:00+00:00,0.7170600000000009,0.7173800000000009,0.7166000000000009,0.7166400000000009,4401
2026-07-31T01:30:00+00:00,0.7166400000000009,0.7168000000000009,0.716320000000001,0.716490000000001,3737
2026-07-31T02:00:00+00:00,0.716490000000001,0.716560000000001,0.716120000000001,0.716440000000001,3060
2026-07-31T02:30:00+00:00,0.716440000000001,0.716660000000001,0.716290000000001,0.7165700000000009,2855
2026-07-31T03:00:00+00:00,0.7165700000000009,0.7165700000000009,0.7160600000000009,0.716410000000001,3410
2026-07-31T03:30:00+00:00,0.716410000000001,0.716680000000001,0.716370000000001,0.716610000000001,2491
2026-07-31T04:00:00+00:00,0.716610000000001,0.7171800000000009,0.7166000000000009,0.716930000000001,2446
2026-07-31T04:30:00+00:00,0.716930000000001,0.7169900000000009,0.7166900000000009,0.7168000000000009,2320
2026-07-31T05:00:00+00:00,0.7168000000000009,0.7170800000000009,0.7167400000000009,0.716930000000001,1946
2026-07-31T05:30:00+00:00,0.716930000000001,0.717220000000001,0.7167500000000009,0.717050000000001,2616
2026-07-31T06:00:00+00:00,0.717050000000001,0.7179200000000009,0.716900000000001,0.717880000000001,3777
2026-07-31T06:30:00+00:00,0.717880000000001,0.717880000000001,0.7171900000000009,0.717390000000001,4898
2026-07-31T07:00:00+00:00,0.717390000000001,0.7175000000000009,0.717050000000001,0.717340000000001,4469
2026-07-31T07:30:00+00:00,0.717340000000001,0.7178200000000009,0.7169900000000009,0.717150000000001,3562
2026-07-31T08:00:00+00:00,0.717150000000001,0.7173600000000009,0.7166500000000009,0.717120000000001,4464
2026-07-31T08:30:00+00:00,0.717120000000001,0.718460000000001,0.7168900000000009,0.718240000000001,4653
2026-07-31T09:00:00+00:00,0.718240000000001,0.7185500000000009,0.7174700000000009,0.7174700000000009,5268
2026-07-31T09:30:00+00:00,0.7174700000000009,0.7176500000000009,0.7169600000000009,0.717490000000001,4183
2026-07-31T10:00:00+00:00,0.717490000000001,0.717660000000001,0.7170900000000009,0.717240000000001,2951
2026-07-31T10:30:00+00:00,0.717240000000001,0.717440000000001,0.7170400000000009,0.7171300000000009,1820
2026-07-31T11:00:00+00:00,0.7171300000000009,0.717370000000001,0.7166500000000009,0.716680000000001,3058
2026-07-31T11:30:00+00:00,0.716680000000001,0.716710000000001,0.715950000000001,0.715980000000001,3725
2026-07-31T12:00:00+00:00,0.715980000000001,0.7160900000000009,0.715540000000001,0.7155500000000009,3100
2026-07-31T12:30:00+00:00,0.7155500000000009,0.715560000000001,0.714980000000001,0.7152800000000009,2860
2026-07-31T13:00:00+00:00,0.7152800000000009,0.7165800000000009,0.715170000000001,0.716440000000001,6251
2026-07-31T13:30:00+00:00,0.716440000000001,0.7164700000000009,0.714290000000001,0.714320000000001,9379
2026-07-31T14:00:00+00:00,0.714320000000001,0.7145000000000009,0.713220000000001,0.714410000000001,9870
2026-07-31T14:30:00+00:00,0.714410000000001,0.716660000000001,0.714370000000001,0.7163600000000009,8544
2026-07-31T15:00:00+00:00,0.7163600000000009,0.7168000000000009,0.715810000000001,0.7159700000000009,8307
2026-07-31T15:30:00+00:00,0.7159700000000009,0.7166400000000009,0.715830000000001,0.716490000000001,5590
2026-07-31T16:00:00+00:00,0.716490000000001,0.7168000000000009,0.7162800000000009,0.7166700000000009,3985
2026-07-31T16:30:00+00:00,0.7166700000000009,0.7169400000000009,0.7165700000000009,0.716630000000001,3430
2026-07-31T17:00:00+00:00,0.716630000000001,0.717610000000001,0.7166200000000009,0.7175800000000009,3832
2026-07-31T17:30:00+00:00,0.7175800000000009,0.7179200000000009,0.717270000000001,0.7175700000000009,6658
2026-07-31T18:00:00+00:00,0.7175700000000009,0.717810000000001,0.7173600000000009,0.7175700000000009,3358
2026-07-31T18:30:00+00:00,0.7175700000000009,0.717780000000001,0.717370000000001,0.7177700000000009,2136
2026-07-31T19:00:00+00:00,0.7177700000000009,0.7180400000000009,0.717730000000001,0.7180100000000009,1721
2026-07-31T19:30:00+00:00,0.7180100000000009,0.718270000000001,0.7176200000000009,0.7176200000000009,2717
2026-07-31T20:00:00+00:00,0.7176200000000009,0.718050000000001,0.7174300000000009,0.717900000000001,2655
2026-07-31T20:30:00+00:00,0.717900000000001,0.7182800000000009,0.7165200000000009,0.7168400000000009,3345.380984209207
2026-08-02T21:00:00+00:00,0.7168400000000009,0.7168400000000009,0.715800000000001,0.7159600000000009,587.1289889791053
2026-08-02T21:30:00+00:00,0.7159600000000009,0.7162800000000009,0.7155700000000009,0.715750000000001,794
2026-08-02T22:00:00+00:00,0.715750000000001,0.7169900000000009,0.715730000000001,0.716730000000001,3622
2026-08-02T22:30:00+00:00,0.716730000000001,0.717050000000001,0.716580000000001,0.7166400000000009,1703
2026-08-02T23:00:00+00:00,0.7166400000000009,0.7167400000000009,0.7162600000000009,0.716530000000001,2198
2026-08-02T23:30:00+00:00,0.716530000000001,0.716710000000001,0.7163000000000009,0.716590000000001,2177
2026-08-03T00:00:00+00:00,0.716590000000001,0.7166200000000009,0.716000000000001,0.716420000000001,5872
2026-08-03T00:30:00+00:00,0.716420000000001,0.717070000000001,0.716100000000001,0.7162500000000009,10376
2026-08-03T01:00:00+00:00,0.7162500000000009,0.716340000000001,0.715370000000001,0.7154500000000009,5840
2026-08-03T01:30:00+00:00,0.7154500000000009,0.715650000000001,0.715210000000001,0.7154000000000009,3516
2026-08-03T02:00:00+00:00,0.7154000000000009,0.715460000000001,0.7148900000000009,0.714920000000001,2572
2026-08-03T02:30:00+00:00,0.714920000000001,0.715460000000001,0.7149100000000009,0.7151300000000009,2824
2026-08-03T03:00:00+00:00,0.7151300000000009,0.7151800000000009,0.7148600000000009,0.715070000000001,2228
2026-08-03T03:30:00+00:00,0.715070000000001,0.715150000000001,0.714810000000001,0.7149600000000009,2231
2026-08-03T04:00:00+00:00,0.7149600000000009,0.715170000000001,0.7149400000000009,0.715070000000001,1894
2026-08-03T04:30:00+00:00,0.715070000000001,0.715340000000001,0.715040000000001,0.7151100000000009,1839
2026-08-03T05:00:00+00:00,0.7151100000000009,0.715340000000001,0.715040000000001,0.7152500000000009,2364
2026-08-03T05:30:00+00:00,0.7152500000000009,0.715680000000001,0.715170000000001,0.715650000000001,2180
2026-08-03T06:00:00+00:00,0.715650000000001,0.715810000000001,0.715310000000001,0.7154700000000009,2897
2026-08-03T06:30:00+00:00,0.7154700000000009,0.7155200000000009,0.714700000000001,0.714760000000001,3453
2026-08-03T07:00:00+00:00,0.714760000000001,0.714880000000001,0.7140100000000009,0.7144500000000009,5086
2026-08-03T07:30:00+00:00,0.7144500000000009,0.714560000000001,0.7136200000000009,0.713800000000001,4103
2026-08-03T08:00:00+00:00,0.713800000000001,0.713820000000001,0.7132800000000009,0.713310000000001,3084
2026-08-03T08:30:00+00:00,0.713310000000001,0.713530000000001,0.712800000000001,0.712970000000001,3103
2026-08-03T09:00:00+00:00,0.712970000000001,0.7131300000000009,0.712610000000001,0.712770000000001,2611
2026-08-03T09:30:00+00:00,0.712770000000001,0.712880000000001,0.712410000000001,0.712410000000001,3152
2026-08-03T10:00:00+00:00,0.712410000000001,0.712460000000001,0.711920000000001,0.712120000000001,3342
2026-08-03T10:30:00+00:00,0.712120000000001,0.712270000000001,0.711850000000001,0.712090000000001,2340
2026-08-03T11:00:00+00:00,0.712090000000001,0.7122800000000009,0.711950000000001,0.7120100000000009,2644
2026-08-03T11:30:00+00:00,0.7120100000000009,0.7129400000000009,0.7119600000000009,0.712870000000001,2494
2026-08-03T12:00:00+00:00,0.712870000000001,0.7129600000000009,0.712240000000001,0.712260000000001,3484
2026-08-03T12:30:00+00:00,0.712260000000001,0.712430000000001,0.7116700000000009,0.711880000000001,3319
2026-08-03T13:00:00+00:00,0.711880000000001,0.7120300000000009,0.711210000000001,0.7115500000000009,5423
2026-08-03T13:30:00+00:00,0.7115500000000009,0.711580000000001,0.710440000000001,0.711100000000001,6891
2026-08-03T14:00:00+00:00,0.711100000000001,0.7115500000000009,0.710820000000001,0.7112800000000009,5596
2026-08-03T14:30:00+00:00,0.7112800000000009,0.7120300000000009,0.711260000000001,0.711930000000001,5111
2026-08-03T15:00:00+00:00,0.711930000000001,0.712000000000001,0.711560000000001,0.711610000000001,3847
2026-08-03T15:30:00+00:00,0.711610000000001,0.7121100000000009,0.711540000000001,0.7120100000000009,3803
2026-08-03T16:00:00+00:00,0.7120100000000009,0.7121100000000009,0.7118100000000009,0.711900000000001,3220
2026-08-03T16:30:00+00:00,0.711900000000001,0.711980000000001,0.711680000000001,0.711760000000001,2646
2026-08-03T17:00:00+00:00,0.711760000000001,0.711760000000001,0.711340000000001,0.7114000000000009,2050
2026-08-03T17:30:00+00:00,0.7114000000000009,0.711510000000001,0.711240000000001,0.7113000000000009,1697
2026-08-03T18:00:00+00:00,0.7113000000000009,0.711730000000001,0.711210000000001,0.711660000000001,2198
2026-08-03T18:30:00+00:00,0.711660000000001,0.712020000000001,0.711560000000001,0.711980000000001,2441
2026-08-03T19:00:00+00:00,0.711980000000001,0.712190000000001,0.711900000000001,0.7119400000000009,1862
2026-08-03T19:30:00+00:00,0.7119400000000009,0.7120800000000009,0.711870000000001,0.712000000000001,1891
2026-08-03T20:00:00+00:00,0.712000000000001,0.712050000000001,0.711800000000001,0.7118400000000009,740
2026-08-03T20:30:00+00:00,0.7118400000000009,0.712120000000001,0.7118400000000009,0.711980000000001,1080
2026-08-03T21:00:00+00:00,0.711980000000001,0.7121300000000009,0.711600000000001,0.711710000000001,320
2026-08-03T21:30:00+00:00,0.711710000000001,0.711880000000001,0.711630000000001,0.711830000000001,299
2026-08-03T22:00:00+00:00,0.711830000000001,0.7120800000000009,0.711760000000001,0.7118400000000009,689
2026-08-03T22:30:00+00:00,0.7118400000000009,0.712040000000001,0.711820000000001,0.711980000000001,498
2026-08-03T23:00:00+00:00,0.711980000000001,0.712000000000001,0.7118400000000009,0.7118400000000009,721
2026-08-03T23:30:00+00:00,0.7118400000000009,0.711920000000001,0.7116900000000009,0.711770000000001,1106
2026-08-04T00:00:00+00:00,0.711770000000001,0.7124700000000009,0.711760000000001,0.7123500000000009,3392
2026-08-04T00:30:00+00:00,0.7123500000000009,0.712660000000001,0.7120100000000009,0.712050000000001,3581
2026-08-04T01:00:00+00:00,0.712050000000001,0.712290000000001,0.7117400000000009,0.712000000000001,3670
2026-08-04T01:30:00+00:00,0.712000000000001,0.7135000000000009,0.712000000000001,0.713390000000001,4395
2026-08-04T02:00:00+00:00,0.713390000000001,0.7137900000000009,0.712990000000001,0.713490000000001,3902
2026-08-04T02:30:00+00:00,0.713490000000001,0.713870000000001,0.713460000000001,0.713560000000001,2686
2026-08-04T03:00:00+00:00,0.713560000000001,0.714290000000001,0.713540000000001,0.7142500000000009,2934
2026-08-04T03:30:00+00:00,0.7142500000000009,0.714410000000001,0.7138100000000009,0.713930000000001,2803
2026-08-04T04:00:00+00:00,0.713930000000001,0.714070000000001,0.713700000000001,0.713970000000001,1714
2026-08-04T04:30:00+00:00,0.713970000000001,0.7140600000000009,0.713780000000001,0.713950000000001,1590
2026-08-04T05:00:00+00:00,0.713950000000001,0.714050000000001,0.713700000000001,0.713970000000001,2329
2026-08-04T05:30:00+00:00,0.713970000000001,0.714200000000001,0.7135000000000009,0.713900000000001,3532
2026-08-04T06:00:00+00:00,0.713900000000001,0.7141600000000009,0.713480000000001,0.7138900000000009,3492
2026-08-04T06:30:00+00:00,0.7138900000000009,0.7140100000000009,0.7132300000000009,0.713460000000001,2789
2026-08-04T07:00:00+00:00,0.713460000000001,0.714340000000001,0.713460000000001,0.7140100000000009,3663
2026-08-04T07:30:00+00:00,0.7140100000000009,0.714170000000001,0.713750000000001,0.7138100000000009,2493
2026-08-04T08:00:00+00:00,0.7138100000000009,0.714370000000001,0.713800000000001,0.714360000000001,2808
2026-08-04T08:30:00+00:00,0.714360000000001,0.7145000000000009,0.7141100000000009,0.7143300000000009,2800
2026-08-04T09:00:00+00:00,0.7143300000000009,0.7147200000000009,0.714090000000001,0.7147200000000009,2924
2026-08-04T09:30:00+00:00,0.7147200000000009,0.7147700000000009,0.7144700000000009,0.714750000000001,2686
2026-08-04T10:00:00+00:00,0.714750000000001,0.714950000000001,0.7146900000000009,0.7148400000000009,2159
2026-08-04T10:30:00+00:00,0.7148400000000009,0.715630000000001,0.714760000000001,0.715190000000001,4575
2026-08-04T11:00:00+00:00,0.715190000000001,0.7156400000000009,0.715040000000001,0.715610000000001,2948
2026-08-04T11:30:00+00:00,0.715610000000001,0.7157900000000009,0.7151800000000009,0.715290000000001,5926
2026-08-04T12:00:00+00:00,0.715290000000001,0.715440000000001,0.714900000000001,0.714990000000001,3577
2026-08-04T12:30:00+00:00,0.714990000000001,0.715710000000001,0.714990000000001,0.715390000000001,3038
2026-08-04T13:00:00+00:00,0.715390000000001,0.7158400000000009,0.7150800000000009,0.7153800000000009,5556
2026-08-04T13:30:00+00:00,0.7153800000000009,0.715760000000001,0.715120000000001,0.7156400000000009,6111
2026-08-04T14:00:00+00:00,0.7156400000000009,0.716240000000001,0.7155500000000009,0.716090000000001,5034
2026-08-04T14:30:00+00:00,0.716090000000001,0.7162500000000009,0.715540000000001,0.715880000000001,5548
2026-08-04T15:00:00+00:00,0.715880000000001,0.7159400000000009,0.715150000000001,0.7154200000000009,3602
2026-08-04T15:30:00+00:00,0.7154200000000009,0.7157900000000009,0.7151600000000009,0.715730000000001,4537
2026-08-04T16:00:00+00:00,0.715730000000001,0.7159400000000009,0.715530000000001,0.715820000000001,2931
2026-08-04T16:30:00+00:00,0.715820000000001,0.715970000000001,0.715660000000001,0.7158600000000009,2406
2026-08-04T17:00:00+00:00,0.7158600000000009,0.7161300000000009,0.7158600000000009,0.716000000000001,2731
2026-08-04T17:30:00+00:00,0.716000000000001,0.716260000000001,0.7159400000000009,0.716000000000001,2074
2026-08-04T18:00:00+00:00,0.716000000000001,0.716140000000001,0.715920000000001,0.716040000000001,4420
2026-08-04T18:30:00+00:00,0.716040000000001,0.716700000000001,0.715930000000001,0.716610000000001,4669
2026-08-04T19:00:00+00:00,0.716610000000001,0.7168600000000009,0.7165000000000009,0.716810000000001,2697
2026-08-04T19:30:00+00:00,0.716810000000001,0.716900000000001,0.716590000000001,0.716660000000001,2106
2026-08-04T20:00:00+00:00,0.716660000000001,0.7168400000000009,0.716650000000001,0.716700000000001,1759
2026-08-04T20:30:00+00:00,0.716700000000001,0.7167400000000009,0.716590000000001,0.716630000000001,958
2026-08-04T21:00:00+00:00,0.716630000000001,0.716630000000001,0.715730000000001,0.716000000000001,525.3370080862369
2026-08-04T21:30:00+00:00,0.716000000000001,0.7164700000000009,0.7159600000000009,0.7164300000000009,465.40817039106145
2026-08-04T22:00:00+00:00,0.7164300000000009,0.716730000000001,0.7164300000000009,0.716710000000001,601
2026-08-04T22:30:00+00:00,0.716710000000001,0.7169600000000009,0.716630000000001,0.7169400000000009,812
2026-08-04T23:00:00+00:00,0.7169400000000009,0.716950000000001,0.7166700000000009,0.716830000000001,1218
2026-08-04T23:30:00+00:00,0.716830000000001,0.7168700000000009,0.7166200000000009,0.7166700000000009,1255
2026-08-05T00:00:00+00:00,0.7166700000000009,0.7173600000000009,0.7165500000000009,0.7173100000000009,3240
2026-08-05T00:30:00+00:00,0.7173100000000009,0.7173100000000009,0.716290000000001,0.7163600000000009,3165
2026-08-05T01:00:00+00:00,0.7163600000000009,0.7166500000000009,0.716000000000001,0.7162500000000009,3707
2026-08-05T01:30:00+00:00,0.7162500000000009,0.716420000000001,0.7160900000000009,0.7163800000000009,3343
2026-08-05T02:00:00+00:00,0.7163800000000009,0.7167500000000009,0.7160600000000009,0.716370000000001,4152
2026-08-05T02:30:00+00:00,0.716370000000001,0.7171600000000009,0.7163600000000009,0.7167500000000009,3750
2026-08-05T03:00:00+00:00,0.7167500000000009,0.717290000000001,0.716680000000001,0.716950000000001,2748
2026-08-05T03:30:00+00:00,0.716950000000001,0.7170600000000009,0.7168400000000009,0.7169100000000009,2699
2026-08-05T04:00:00+00:00,0.7169100000000009,0.717630000000001,0.7169100000000009,0.717440000000001,2515
2026-08-05T04:30:00+00:00,0.717440000000001,0.717490000000001,0.7168200000000009,0.716880000000001,2140
2026-08-05T05:00:00+00:00,0.716880000000001,0.716880000000001,0.716540000000001,0.7166000000000009,2278
2026-08-05T05:30:00+00:00,0.7166000000000009,0.716900000000001,0.7166000000000009,0.7168200000000009,2687
2026-08-05T06:00:00+00:00,0.7168200000000009,0.7171100000000009,0.7163600000000009,0.7164500000000009,3867
2026-08-05T06:30:00+00:00,0.7164500000000009,0.7169900000000009,0.7163300000000009,0.716950000000001,5668
2026-08-05T07:00:00+00:00,0.716950000000001,0.717120000000001,0.7160400000000009,0.7161400000000009,6725
2026-08-05T07:30:00+00:00,0.7161400000000009,0.716810000000001,0.716100000000001,0.7167400000000009,3650
2026-08-05T08:00:00+00:00,0.7167400000000009,0.7168700000000009,0.716440000000001,0.7167500000000009,3290
2026-08-05T08:30:00+00:00,0.7167500000000009,0.716760000000001,0.716200000000001,0.716340000000001,4955
2026-08-05T09:00:00+00:00,0.716340000000001,0.716590000000001,0.716320000000001,0.7164000000000009,4407
2026-08-05T09:30:00+00:00,0.7164000000000009,0.7167700000000009,0.716340000000001,0.7166500000000009,2121
2026-08-05T10:00:00+00:00,0.7166500000000009,0.7166700000000009,0.716220000000001,0.7162600000000009,3650
2026-08-05T10:30:00+00:00,0.7162600000000009,0.7163600000000009,0.7160600000000009,0.7162600000000009,2395
2026-08-05T11:00:00+00:00,0.7162600000000009,0.716850000000001,0.7162600000000009,0.7166500000000009,3180
2026-08-05T11:30:00+00:00,0.7166500000000009,0.7171100000000009,0.7166400000000009,0.716950000000001,2888
2026-08-05T12:00:00+00:00,0.716950000000001,0.7174500000000009,0.716950000000001,0.7171600000000009,3393
2026-08-05T12:30:00+00:00,0.7171600000000009,0.717410000000001,0.716680000000001,0.716800000000001,4379
2026-08-05T13:00:00+00:00,0.716800000000001,0.7170800000000009,0.716680000000001,0.7170400000000009,5162
2026-08-05T13:30:00+00:00,0.7170400000000009,0.7175200000000009,0.7165000000000009,0.7173000000000009,6226
2026-08-05T14:00:00+00:00,0.7173000000000009,0.7184800000000009,0.7170900000000009,0.7180100000000009,7178
2026-08-05T14:30:00+00:00,0.7180100000000009,0.718170000000001,0.7173500000000009,0.717800000000001,6864
2026-08-05T15:00:00+00:00,0.717800000000001,0.718030000000001,0.7173000000000009,0.717420000000001,4684
2026-08-05T15:30:00+00:00,0.717420000000001,0.7176400000000009,0.716950000000001,0.717020000000001,4028
2026-08-05T16:00:00+00:00,0.717020000000001,0.7174700000000009,0.716900000000001,0.7173300000000009,4049
2026-08-05T16:30:00+00:00,0.7173300000000009,0.7173600000000009,0.7171100000000009,0.717220000000001,2277
2026-08-05T17:00:00+00:00,0.717220000000001,0.717370000000001,0.7170400000000009,0.717340000000001,2382
2026-08-05T17:30:00+00:00,0.717340000000001,0.718170000000001,0.717220000000001,0.7180900000000009,2286
2026-08-05T18:00:00+00:00,0.7180900000000009,0.718320000000001,0.718050000000001,0.718320000000001,2104
2026-08-05T18:30:00+00:00,0.718320000000001,0.718320000000001,0.7179400000000009,0.7180800000000009,2202
2026-08-05T19:00:00+00:00,0.7180800000000009,0.718190000000001,0.717800000000001,0.7178400000000009,2252
2026-08-05T19:30:00+00:00,0.7178400000000009,0.7179100000000009,0.717540000000001,0.717540000000001,2308
2026-08-05T20:00:00+00:00,0.717540000000001,0.717710000000001,0.7175000000000009,0.717680000000001,1171
2026-08-05T20:30:00+00:00,0.717680000000001,0.717830000000001,0.7176500000000009,0.7176900000000009,1060
2026-08-05T21:00:00+00:00,0.7176900000000009,0.7176900000000009,0.7171700000000009,0.7172000000000007,458.8243086085421
2026-08-05T21:30:00+00:00,0.7172000000000007,0.7173000000000007,0.7170000000000007,0.7171500000000007,950
2026-08-05T22:00:00+00:00,0.7171500000000007,0.7176400000000007,0.7171500000000007,0.7175600000000008,756
2026-08-05T22:30:00+00:00,0.7175600000000008,0.7178000000000008,0.7175600000000008,0.7177300000000008,573
2026-08-05T23:00:00+00:00,0.7177300000000008,0.7177400000000007,0.7175800000000008,0.7176400000000007,760
2026-08-05T23:30:00+00:00,0.7176400000000007,0.7178500000000008,0.7174600000000008,0.7176400000000007,1202
2026-08-06T00:00:00+00:00,0.7176400000000007,0.7178600000000007,0.7173700000000007,0.7174100000000008,3889
2026-08-06T00:30:00+00:00,0.7174100000000008,0.7179500000000008,0.7174100000000008,0.7176600000000007,3622
2026-08-06T01:00:00+00:00,0.7176600000000007,0.7178700000000007,0.7173200000000007,0.7174100000000008,4776
2026-08-06T01:30:00+00:00,0.7174100000000008,0.7177700000000007,0.7174000000000007,0.7176100000000007,3533
2026-08-06T02:00:00+00:00,0.7176100000000007,0.7179700000000008,0.7174200000000007,0.7175600000000008,3381
2026-08-06T02:30:00+00:00,0.7175600000000008,0.7178800000000007,0.7174500000000007,0.7175300000000008,2841
2026-08-06T03:00:00+00:00,0.7175300000000008,0.7175500000000007,0.7167100000000007,0.7168000000000008,2689
2026-08-06T03:30:00+00:00,0.7168000000000008,0.7169500000000008,0.7164600000000008,0.7166600000000007,2340
2026-08-06T04:00:00+00:00,0.7166600000000007,0.7167100000000007,0.7164500000000007,0.7165000000000007,1404
2026-08-06T04:30:00+00:00,0.7165000000000007,0.7166800000000008,0.7163200000000007,0.7166700000000007,1622
2026-08-06T05:00:00+00:00,0.7166700000000007,0.7167000000000008,0.7162200000000007,0.7162600000000007,1823
2026-08-06T05:30:00+00:00,0.7162600000000007,0.7168000000000008,0.7161700000000008,0.7166700000000007,2696
2026-08-06T06:00:00+00:00,0.7166700000000007,0.7168200000000007,0.7161200000000008,0.7161800000000007,2970
2026-08-06T06:30:00+00:00,0.7161800000000007,0.7161900000000008,0.7158000000000008,0.7160800000000007,2757
2026-08-06T07:00:00+00:00,0.7160800000000007,0.7163700000000007,0.7160600000000007,0.7162000000000007,2870
2026-08-06T07:30:00+00:00,0.7162000000000007,0.7162100000000007,0.7155500000000007,0.7157000000000008,3393
2026-08-06T08:00:00+00:00,0.7157000000000008,0.7160000000000007,0.7155300000000008,0.7158300000000007,2863
2026-08-06T08:30:00+00:00,0.7158300000000007,0.7163800000000007,0.7158200000000007,0.7163700000000007,3676
2026-08-06T09:00:00+00:00,0.7163700000000007,0.7163700000000007,0.7160300000000007,0.7162000000000007,3329
2026-08-06T09:30:00+00:00,0.7162000000000007,0.7162600000000007,0.7158600000000007,0.7161300000000007,2899
2026-08-06T10:00:00+00:00,0.7161300000000007,0.7162000000000007,0.7158100000000007,0.7161200000000008,2751
2026-08-06T10:30:00+00:00,0.7161200000000008,0.7162600000000007,0.7159900000000007,0.7161700000000008,2072
2026-08-06T11:00:00+00:00,0.7161700000000008,0.7162600000000007,0.7159400000000007,0.7159500000000008,2833
2026-08-06T11:30:00+00:00,0.7159500000000008,0.7162600000000007,0.7156000000000007,0.7162500000000007,3032
2026-08-06T12:00:00+00:00,0.7162500000000007,0.7163800000000007,0.7160000000000007,0.7161500000000007,3191
2026-08-06T12:30:00+00:00,0.7161500000000007,0.7161800000000007,0.7155800000000008,0.7157500000000008,3263
2026-08-06T13:00:00+00:00,0.7157500000000008,0.7159100000000007,0.7152400000000008,0.7155200000000007,4327
2026-08-06T13:30:00+00:00,0.7155200000000007,0.7161400000000008,0.7153700000000007,0.7159800000000007,6042
2026-08-06T14:00:00+00:00,0.7159800000000007,0.7161400000000008,0.7155700000000007,0.7158800000000007,5799
2026-08-06T14:30:00+00:00,0.7158800000000007,0.7161200000000008,0.7155600000000008,0.7161000000000007,4514
2026-08-06T15:00:00+00:00,0.7161000000000007,0.7161800000000007,0.7151600000000007,0.7153900000000007,5820
2026-08-06T15:30:00+00:00,0.7153900000000007,0.7154200000000007,0.7145800000000008,0.7146800000000008,5330
2026-08-06T16:00:00+00:00,0.7146800000000008,0.7148700000000008,0.7141800000000007,0.7147000000000008,4884
2026-08-06T16:30:00+00:00,0.7147000000000008,0.7150700000000008,0.7145700000000007,0.7150700000000008,3427
2026-08-06T17:00:00+00:00,0.7150700000000008,0.7151900000000008,0.7149100000000007,0.7150400000000007,3022
2026-08-06T17:30:00+00:00,0.7150400000000007,0.7153200000000007,0.7149200000000008,0.7152300000000007,2221
2026-08-06T18:00:00+00:00,0.7152300000000007,0.7154700000000007,0.7152000000000007,0.7153100000000008,2180
2026-08-06T18:30:00+00:00,0.7153100000000008,0.7153300000000007,0.7150900000000008,0.7152600000000007,2294
2026-08-06T19:00:00+00:00,0.7152600000000007,0.7154800000000008,0.7149600000000007,0.7151200000000008,2806
2026-08-06T19:30:00+00:00,0.7151200000000008,0.7153700000000007,0.7148700000000008,0.7152500000000007,3150
2026-08-06T20:00:00+00:00,0.7152500000000007,0.7153200000000007,0.7149500000000008,0.7150100000000007,1551
2026-08-06T20:30:00+00:00,0.7150100000000007,0.7151600000000007,0.7149100000000007,0.7150800000000007,1530
2026-08-06T21:00:00+00:00,0.7150800000000007,0.7150800000000007,0.7144600000000007,0.7147600000000007,673.3470703732921
2026-08-06T21:30:00+00:00,0.7147600000000007,0.7148300000000007,0.7145100000000006,0.7146300000000007,302
2026-08-06T22:00:00+00:00,0.7146300000000007,0.7151200000000006,0.7146300000000007,0.7149700000000008,656.1946833463644
2026-08-06T22:30:00+00:00,0.7149700000000008,0.7149900000000007,0.7148300000000007,0.7148300000000007,446
2026-08-06T23:00:00+00:00,0.7148300000000007,0.7149800000000007,0.7148300000000007,0.7149400000000007,637
2026-08-06T23:30:00+00:00,0.7149400000000007,0.7152500000000007,0.7149300000000007,0.7151800000000007,822
2026-08-07T00:00:00+00:00,0.7151800000000007,0.7152400000000008,0.7145800000000008,0.7147600000000007,2899
2026-08-07T00:30:00+00:00,0.7147600000000007,0.7149200000000008,0.7144500000000007,0.7147400000000007,2909
2026-08-07T01:00:00+00:00,0.7147400000000007,0.7150500000000007,0.7146100000000007,0.7147600000000007,3421
2026-08-07T01:30:00+00:00,0.7147600000000007,0.7149000000000008,0.7144700000000007,0.7147400000000007,3310
2026-08-07T02:00:00+00:00,0.7147400000000007,0.7148700000000008,0.7143900000000007,0.7144700000000007,2046
2026-08-07T02:30:00+00:00,0.7144700000000007,0.7146000000000007,0.7141200000000008,0.7142700000000007,2214
2026-08-07T03:00:00+00:00,0.7142700000000007,0.7144200000000007,0.7141600000000007,0.7142100000000008,1957
2026-08-07T03:30:00+00:00,0.7142100000000008,0.7144100000000008,0.7142000000000007,0.7143800000000007,1732
2026-08-07T04:00:00+00:00,0.7143800000000007,0.7146700000000007,0.7143000000000007,0.7146600000000007,1679
2026-08-07T04:30:00+00:00,0.7146600000000007,0.7148200000000008,0.7144400000000007,0.7145200000000007,1697
2026-08-07T05:00:00+00:00,0.7145200000000007,0.7147100000000007,0.7144000000000007,0.7144700000000007,1473
2026-08-07T05:30:00+00:00,0.7144700000000007,0.7149300000000007,0.7144300000000008,0.7147100000000007,2159
2026-08-07T06:00:00+00:00,0.7147100000000007,0.7150800000000007,0.7146000000000007,0.7150700000000008,2475
2026-08-07T06:30:00+00:00,0.7150700000000008,0.7152800000000007,0.7149500000000008,0.7151700000000007,1917
2026-08-07T07:00:00+00:00,0.7151700000000007,0.7155200000000007,0.7151100000000007,0.7152600000000008,2430
2026-08-07T07:30:00+00:00,0.7152600000000008,0.7154700000000007,0.7152000000000007,0.7154200000000007,2236
2026-08-07T08:00:00+00:00,0.7154200000000007,0.7155900000000007,0.7152800000000007,0.7152900000000008,1805
2026-08-07T08:30:00+00:00,0.7152900000000008,0.7157400000000007,0.7152000000000007,0.7155800000000008,3100
2026-08-07T09:00:00+00:00,0.7155800000000008,0.7160300000000007,0.7155200000000007,0.7158600000000007,2484
2026-08-07T09:30:00+00:00,0.7158600000000007,0.7161200000000008,0.7157700000000007,0.7159500000000008,2120
2026-08-07T10:00:00+00:00,0.7159500000000008,0.7160500000000007,0.7156300000000008,0.7157000000000008,2327
2026-08-07T10:30:00+00:00,0.7157000000000008,0.7157200000000007,0.7154500000000007,0.7154900000000007,2492
2026-08-07T11:00:00+00:00,0.7154900000000007,0.7157800000000007,0.7154900000000007,0.7154900000000007,2375
2026-08-07T11:30:00+00:00,0.7154900000000007,0.7160100000000007,0.7154900000000007,0.7159200000000008,2455
2026-08-07T12:00:00+00:00,0.7159200000000008,0.7161400000000008,0.7154600000000008,0.7155200000000007,3426
2026-08-07T12:30:00+00:00,0.7155200000000007,0.7196700000000007,0.7155200000000007,0.7186600000000007,13713
2026-08-07T13:00:00+00:00,0.7186600000000007,0.7188300000000007,0.7181700000000008,0.7184900000000007,7131
2026-08-07T13:30:00+00:00,0.7184900000000007,0.7188700000000008,0.7177200000000007,0.7178600000000007,8102
2026-08-07T14:00:00+00:00,0.7178600000000007,0.7187700000000007,0.7176100000000007,0.7185500000000007,6723
2026-08-07T14:30:00+00:00,0.7185500000000007,0.7186000000000007,0.7177200000000007,0.7178700000000008,6405
2026-08-07T15:00:00+00:00,0.7178700000000008,0.7184100000000008,0.7174800000000008,0.7181000000000007,5650
2026-08-07T15:30:00+00:00,0.7181000000000007,0.7183100000000008,0.7178900000000007,0.7181700000000008,3848
2026-08-07T16:00:00+00:00,0.7181700000000008,0.7188200000000007,0.7181200000000008,0.7183500000000007,3807
2026-08-07T16:30:00+00:00,0.7183500000000007,0.7187500000000008,0.7182500000000007,0.7184100000000008,3208
2026-08-07T17:00:00+00:00,0.7184100000000008,0.7187000000000008,0.7182800000000007,0.7186100000000007,2192
2026-08-07T17:30:00+00:00,0.7186100000000007,0.7187900000000007,0.7184500000000007,0.7185700000000007,1601
2026-08-07T18:00:00+00:00,0.7185700000000007,0.7186400000000007,0.7184100000000008,0.7185300000000007,1910
2026-08-07T18:30:00+00:00,0.7185300000000007,0.7188100000000007,0.7185200000000007,0.7187600000000007,1815
2026-08-07T19:00:00+00:00,0.7187600000000007,0.7193900000000006,0.7187500000000007,0.7193800000000007,2919
2026-08-07T19:30:00+00:00,0.7193800000000007,0.7193900000000006,0.7188200000000007,0.7188700000000007,2267
2026-08-07T20:00:00+00:00,0.7188700000000007,0.7189400000000007,0.7184000000000007,0.7184000000000007,947
2026-08-07T20:30:00+00:00,0.7184000000000007,0.7185100000000006,0.7181200000000006,0.7182600000000007,1527.3070077864295
2026-08-09T21:00:00+00:00,0.7182600000000007,0.7185400000000008,0.7179300000000008,0.7180600000000009,428.6266231153792
2026-08-09T21:30:00+00:00,0.7180600000000009,0.7187500000000008,0.717930000000001,0.7186300000000008,435.9022112677126
2026-08-09T22:00:00+00:00,0.7186300000000008,0.7191300000000008,0.7184800000000008,0.7189000000000008,876
2026-08-09T22:30:00+00:00,0.7189000000000008,0.7190100000000008,0.7187600000000007,0.7187700000000008,480
2026-08-09T23:00:00+00:00,0.7187700000000008,0.7190100000000008,0.7187300000000008,0.7188700000000008,652
2026-08-09T23:30:00+00:00,0.7188700000000008,0.7189000000000008,0.7184400000000007,0.7184600000000008,1384
2026-08-10T00:00:00+00:00,0.7184600000000008,0.7192900000000008,0.7184600000000008,0.7187800000000008,4173
2026-08-10T00:30:00+00:00,0.7187800000000008,0.7188800000000007,0.7183900000000008,0.7184600000000008,3320
2026-08-10T01:00:00+00:00,0.7184600000000008,0.7187300000000008,0.7179600000000008,0.7185400000000007,4367
2026-08-10T01:30:00+00:00,0.7185400000000007,0.7187600000000007,0.7182700000000007,0.7186700000000008,3538
2026-08-10T02:00:00+00:00,0.7186700000000008,0.7188100000000007,0.7184800000000008,0.7186100000000007,2690
2026-08-10T02:30:00+00:00,0.7186100000000007,0.7187100000000007,0.7183200000000007,0.7183600000000008,1957
2026-08-10T03:00:00+00:00,0.7183600000000008,0.7184200000000007,0.7180100000000008,0.7181800000000008,2432
2026-08-10T03:30:00+00:00,0.7181800000000008,0.7183300000000008,0.7180700000000008,0.7181400000000008,1473
2026-08-10T04:00:00+00:00,0.7181400000000008,0.7182000000000007,0.7179200000000008,0.7180700000000008,1403
2026-08-10T04:30:00+00:00,0.7180700000000008,0.7184400000000007,0.7180000000000007,0.7183200000000007,1605
2026-08-10T05:00:00+00:00,0.7183200000000007,0.7186000000000008,0.7182800000000008,0.7184800000000008,1930
2026-08-10T05:30:00+00:00,0.7184800000000008,0.7191500000000007,0.7184000000000008,0.7191200000000008,2564
2026-08-10T06:00:00+00:00,0.7191200000000008,0.7192000000000007,0.7188200000000008,0.7191700000000008,3267
2026-08-10T06:30:00+00:00,0.7191700000000008,0.7191800000000008,0.7187200000000008,0.7189200000000008,2624
2026-08-10T07:00:00+00:00,0.7189200000000008,0.7190900000000008,0.7186700000000008,0.7189400000000008,2734
2026-08-10T07:30:00+00:00,0.7189400000000008,0.7194400000000007,0.7189000000000008,0.7193100000000008,3707
2026-08-10T08:00:00+00:00,0.7193100000000008,0.7196800000000008,0.7192200000000007,0.7196200000000008,2864
2026-08-10T08:30:00+00:00,0.7196200000000008,0.7196700000000008,0.7191300000000008,0.7192300000000008,2342
2026-08-10T09:00:00+00:00,0.7192300000000008,0.7193300000000008,0.7189600000000008,0.7192700000000007,2256
2026-08-10T09:30:00+00:00,0.7192700000000007,0.7192700000000007,0.7187100000000007,0.7187100000000007,2385
2026-08-10T10:00:00+00:00,0.7187100000000007,0.7187800000000008,0.7185300000000008,0.7186900000000007,2500
2026-08-10T10:30:00+00:00,0.7186900000000007,0.7190400000000008,0.7185300000000008,0.7189400000000008,2132
2026-08-10T11:00:00+00:00,0.7189400000000008,0.7190400000000008,0.7184900000000007,0.7186200000000008,2282
2026-08-10T11:30:00+00:00,0.7186200000000008,0.7188200000000008,0.7184000000000008,0.7185900000000007,2438
2026-08-10T12:00:00+00:00,0.7185900000000007,0.7186300000000008,0.7180200000000008,0.7181600000000008,3253
2026-08-10T12:30:00+00:00,0.7181600000000008,0.7182300000000008,0.7178200000000008,0.7179400000000008,2086
2026-08-10T13:00:00+00:00,0.7179400000000008,0.7182100000000008,0.7177700000000008,0.7180100000000008,2575
2026-08-10T13:30:00+00:00,0.7180100000000008,0.7181000000000007,0.7175700000000008,0.7179400000000008,4733
2026-08-10T14:00:00+00:00,0.7179400000000008,0.7187800000000008,0.7178800000000007,0.7187200000000008,4053
2026-08-10T14:30:00+00:00,0.7187200000000008,0.7188700000000008,0.7184600000000008,0.7185300000000008,4255
2026-08-10T15:00:00+00:00,0.7185300000000008,0.7189100000000007,0.7183000000000007,0.7186800000000008,3870
2026-08-10T15:30:00+00:00,0.7186800000000008,0.7187800000000008,0.7184500000000008,0.7187700000000008,3094
2026-08-10T16:00:00+00:00,0.7187700000000008,0.7188700000000008,0.7186100000000007,0.7187800000000008,2073
2026-08-10T16:30:00+00:00,0.7187800000000008,0.7188300000000007,0.7182400000000008,0.7183500000000008,3304
2026-08-10T17:00:00+00:00,0.7183500000000008,0.7184000000000008,0.7179000000000008,0.7179400000000008,2394
2026-08-10T17:30:00+00:00,0.7179400000000008,0.7181200000000008,0.7176900000000007,0.7177400000000008,1881
2026-08-10T18:00:00+00:00,0.7177400000000008,0.7178900000000008,0.7177000000000008,0.7177900000000008,1635
2026-08-10T18:30:00+00:00,0.7177900000000008,0.7181300000000008,0.7177300000000008,0.7179100000000007,2589
2026-08-10T19:00:00+00:00,0.7179100000000007,0.7179600000000008,0.7177700000000008,0.7178600000000007,1468
2026-08-10T19:30:00+00:00,0.7178600000000007,0.7179900000000008,0.7176700000000008,0.7177100000000007,1963
2026-08-10T20:00:00+00:00,0.7177100000000007,0.7178000000000008,0.7176000000000008,0.7176100000000007,901
2026-08-10T20:30:00+00:00,0.7176100000000007,0.7177000000000008,0.7176000000000008,0.7176200000000008,404.75613275613273
2026-08-10T21:00:00+00:00,0.7176200000000008,0.7176700000000007,0.7172300000000008,0.7173000000000009,1897.1686471118703
2026-08-10T21:30:00+00:00,0.7173000000000009,0.7174600000000009,0.7172500000000009,0.717340000000001,647
2026-08-10T22:00:00+00:00,0.717340000000001,0.7175700000000009,0.717270000000001,0.717510000000001,884
2026-08-10T22:30:00+00:00,0.717510000000001,0.717660000000001,0.717490000000001,0.7176500000000009,317.9399977002071
2026-08-10T23:00:00+00:00,0.7176500000000009,0.7177700000000009,0.7175200000000009,0.7176000000000009,518
2026-08-10T23:30:00+00:00,0.7176000000000009,0.7177400000000009,0.717340000000001,0.717540000000001,1381
2026-08-11T00:00:00+00:00,0.717540000000001,0.7178200000000009,0.7174700000000009,0.7178200000000009,2459
2026-08-11T00:30:00+00:00,0.7178200000000009,0.7178600000000009,0.7175500000000009,0.7175700000000009,2119
2026-08-11T01:00:00+00:00,0.7175700000000009,0.7181300000000009,0.717150000000001,0.7181100000000009,3454
2026-08-11T01:30:00+00:00,0.7181100000000009,0.7182800000000009,0.7178600000000009,0.7178600000000009,2845
2026-08-11T02:00:00+00:00,0.7178600000000009,0.7180400000000009,0.7175300000000009,0.717610000000001,2757
2026-08-11T02:30:00+00:00,0.717610000000001,0.7177500000000009,0.717320000000001,0.717370000000001,2282
2026-08-11T03:00:00+00:00,0.717370000000001,0.7179900000000009,0.717370000000001,0.717930000000001,2177
2026-08-11T03:30:00+00:00,0.717930000000001,0.7179600000000009,0.717710000000001,0.717780000000001,1685
2026-08-11T04:00:00+00:00,0.717780000000001,0.718150000000001,0.7177200000000009,0.7181400000000009,1716
2026-08-11T04:30:00+00:00,0.7181400000000009,0.7181400000000009,0.7159900000000009,0.717050000000001,6686
2026-08-11T05:00:00+00:00,0.717050000000001,0.717050000000001,0.716200000000001,0.7163500000000009,2976
2026-08-11T05:30:00+00:00,0.7163500000000009,0.717730000000001,0.7162100000000009,0.7175200000000009,5001
2026-08-11T06:00:00+00:00,0.7175200000000009,0.717900000000001,0.717150000000001,0.7173000000000009,4088
2026-08-11T06:30:00+00:00,0.7173000000000009,0.7175200000000009,0.7170400000000009,0.7172600000000009,3098
2026-08-11T07:00:00+00:00,0.7172600000000009,0.7176000000000009,0.7171800000000009,0.717490000000001,3029
2026-08-11T07:30:00+00:00,0.717490000000001,0.717560000000001,0.7167000000000009,0.7167700000000009,2888
2026-08-11T08:00:00+00:00,0.7167700000000009,0.7173100000000009,0.7167200000000009,0.7172100000000009,2761
2026-08-11T08:30:00+00:00,0.7172100000000009,0.717490000000001,0.7170400000000009,0.7172600000000009,2460
2026-08-11T09:00:00+00:00,0.7172600000000009,0.717370000000001,0.7171100000000009,0.7171800000000009,2454
2026-08-11T09:30:00+00:00,0.7171800000000009,0.7177200000000009,0.717170000000001,0.717710000000001,2347
2026-08-11T10:00:00+00:00,0.717710000000001,0.7181600000000009,0.717560000000001,0.718030000000001,3600
2026-08-11T10:30:00+00:00,0.718030000000001,0.7181600000000009,0.7178600000000009,0.7181600000000009,2360
2026-08-11T11:00:00+00:00,0.7181600000000009,0.7189100000000009,0.7180200000000009,0.718420000000001,5733
2026-08-11T11:30:00+00:00,0.718420000000001,0.7184300000000009,0.7180100000000009,0.7181100000000009,2523
2026-08-11T12:00:00+00:00,0.7181100000000009,0.7185500000000009,0.7179700000000009,0.7183600000000009,4169
2026-08-11T12:30:00+00:00,0.7183600000000009,0.7187200000000009,0.7183000000000009,0.7184100000000009,2901
2026-08-11T13:00:00+00:00,0.7184100000000009,0.7187500000000009,0.7184100000000009,0.718590000000001,3580
2026-08-11T13:30:00+00:00,0.718590000000001,0.7189700000000009,0.718440000000001,0.7187500000000009,4581
2026-08-11T14:00:00+00:00,0.7187500000000009,0.7189400000000009,0.7185200000000009,0.7188000000000009,3965
2026-08-11T14:30:00+00:00,0.7188000000000009,0.718950000000001,0.7183600000000009,0.7184100000000009,3649
2026-08-11T15:00:00+00:00,0.7184100000000009,0.7185000000000009,0.717780000000001,0.7180200000000009,3309
2026-08-11T15:30:00+00:00,0.7180200000000009,0.718150000000001,0.7176500000000009,0.718150000000001,4113
2026-08-11T16:00:00+00:00,0.718150000000001,0.718270000000001,0.7180400000000009,0.718200000000001,2233
2026-08-11T16:30:00+00:00,0.718200000000001,0.7183000000000009,0.7181100000000009,0.7181900000000009,1932
2026-08-11T17:00:00+00:00,0.7181900000000009,0.7182800000000009,0.717780000000001,0.7178700000000009,2352
2026-08-11T17:30:00+00:00,0.7178700000000009,0.718100000000001,0.7177700000000009,0.717930000000001,1376
2026-08-11T18:00:00+00:00,0.717930000000001,0.7179700000000009,0.7174500000000009,0.7174600000000009,2104
2026-08-11T18:30:00+00:00,0.7174600000000009,0.717930000000001,0.717420000000001,0.717900000000001,2363
2026-08-11T19:00:00+00:00,0.717900000000001,0.718100000000001,0.7178200000000009,0.7180800000000009,2011
2026-08-11T19:30:00+00:00,0.7180800000000009,0.7182100000000009,0.718030000000001,0.7181300000000009,1752
2026-08-11T20:00:00+00:00,0.7181300000000009,0.718270000000001,0.718100000000001,0.718150000000001,743
2026-08-11T20:30:00+00:00,0.718150000000001,0.7182400000000009,0.7180600000000009,0.7180600000000009,670
2026-08-11T21:00:00+00:00,0.7180600000000009,0.7180600000000009,0.7173700000000011,0.717960000000001,690.2889151760701
2026-08-11T21:30:00+00:00,0.717960000000001,0.718120000000001,0.717720000000001,0.717790000000001,556
2026-08-11T22:00:00+00:00,0.717790000000001,0.7183200000000011,0.717790000000001,0.7183200000000011,764
2026-08-11T22:30:00+00:00,0.7183200000000011,0.7184100000000011,0.7182600000000011,0.7183700000000011,577.1502271492352
2026-08-11T23:00:00+00:00,0.7183700000000011,0.7184600000000011,0.7182600000000011,0.7183700000000011,564
2026-08-11T23:30:00+00:00,0.7183700000000011,0.718450000000001,0.7182700000000011,0.7183600000000011,636
2026-08-12T00:00:00+00:00,0.7183600000000011,0.7188300000000011,0.7183100000000011,0.7187000000000011,2627
2026-08-12T00:30:00+00:00,0.7187000000000011,0.7188700000000011,0.718300000000001,0.7184600000000011,2215
2026-08-12T01:00:00+00:00,0.7184600000000011,0.7184800000000011,0.7180700000000011,0.7181500000000011,2545
2026-08-12T01:30:00+00:00,0.7181500000000011,0.718250000000001,0.7177100000000011,0.7178800000000011,2246
2026-08-12T02:00:00+00:00,0.7178800000000011,0.717890000000001,0.717430000000001,0.7177000000000011,2335
2026-08-12T02:30:00+00:00,0.7177000000000011,0.717940000000001,0.717640000000001,0.717820000000001,2103
2026-08-12T03:00:00+00:00,0.717820000000001,0.717940000000001,0.7177100000000011,0.7178000000000011,1324
2026-08-12T03:30:00+00:00,0.7178000000000011,0.7179200000000011,0.7175100000000011,0.717690000000001,1735
2026-08-12T04:00:00+00:00,0.717690000000001,0.7177500000000011,0.717520000000001,0.717620000000001,1433
2026-08-12T04:30:00+00:00,0.717620000000001,0.717720000000001,0.7175300000000011,0.7176300000000011,1582
2026-08-12T05:00:00+00:00,0.7176300000000011,0.717640000000001,0.7174100000000011,0.717520000000001,1376
2026-08-12T05:30:00+00:00,0.717520000000001,0.7180000000000011,0.7174900000000011,0.7179700000000011,1719
2026-08-12T06:00:00+00:00,0.7179700000000011,0.7181000000000011,0.717650000000001,0.7177100000000011,2549
2026-08-12T06:30:00+00:00,0.7177100000000011,0.7180000000000011,0.7175800000000011,0.717990000000001,2676
2026-08-12T07:00:00+00:00,0.717990000000001,0.7182400000000011,0.7179300000000011,0.7180300000000011,2265
2026-08-12T07:30:00+00:00,0.7180300000000011,0.7180500000000011,0.7176600000000011,0.717770000000001,2325
2026-08-12T08:00:00+00:00,0.717770000000001,0.717960000000001,0.7176100000000011,0.717860000000001,2205
2026-08-12T08:30:00+00:00,0.717860000000001,0.7180300000000011,0.7177300000000011,0.7179500000000011,1783
2026-08-12T09:00:00+00:00,0.7179500000000011,0.719180000000001,0.7179500000000011,0.7185300000000011,4152
2026-08-12T09:30:00+00:00,0.7185300000000011,0.7187600000000011,0.7182700000000011,0.718450000000001,4142
2026-08-12T10:00:00+00:00,0.718450000000001,0.7189300000000011,0.7183900000000011,0.7187600000000011,2599
2026-08-12T10:30:00+00:00,0.7187600000000011,0.7188000000000011,0.7182000000000011,0.7185300000000011,3368
2026-08-12T11:00:00+00:00,0.7185300000000011,0.7188500000000011,0.718380000000001,0.718790000000001,2113
2026-08-12T11:30:00+00:00,0.718790000000001,0.7191700000000011,0.7187300000000011,0.7190500000000011,2063
2026-08-12T12:00:00+00:00,0.7190500000000011,0.7196300000000011,0.7189300000000011,0.7196300000000011,3051
2026-08-12T12:30:00+00:00,0.7196300000000011,0.720890000000001,0.7179300000000011,0.720790000000001,15208
2026-08-12T13:00:00+00:00,0.720790000000001,0.7211200000000011,0.719960000000001,0.720350000000001,8560
2026-08-12T13:30:00+00:00,0.720350000000001,0.7207300000000011,0.7199700000000011,0.720450000000001,7793
2026-08-12T14:00:00+00:00,0.720450000000001,0.7207000000000011,0.7202000000000011,0.7202500000000011,5499
2026-08-12T14:30:00+00:00,0.7202500000000011,0.720450000000001,0.7189700000000011,0.719260000000001,7664
2026-08-12T15:00:00+00:00,0.719260000000001,0.719600000000001,0.7187800000000011,0.719260000000001,4617
2026-08-12T15:30:00+00:00,0.719260000000001,0.719330000000001,0.718650000000001,0.7189300000000011,3549
2026-08-12T16:00:00+00:00,0.7189300000000011,0.719130000000001,0.7185400000000011,0.7185600000000011,3063
2026-08-12T16:30:00+00:00,0.7185600000000011,0.7185800000000011,0.718130000000001,0.718330000000001,2877
2026-08-12T17:00:00+00:00,0.718330000000001,0.718550000000001,0.718280000000001,0.7183400000000011,2771
2026-08-12T17:30:00+00:00,0.7183400000000011,0.718430000000001,0.718110000000001,0.7181500000000011,2473
2026-08-12T18:00:00+00:00,0.7181500000000011,0.7184800000000011,0.7180900000000011,0.718350000000001,2252
2026-08-12T18:30:00+00:00,0.718350000000001,0.7184400000000011,0.7180700000000011,0.7181500000000011,1503
2026-08-12T19:00:00+00:00,0.7181500000000011,0.7183400000000011,0.7181000000000011,0.7182600000000011,1858
2026-08-12T19:30:00+00:00,0.7182600000000011,0.7183600000000011,0.7180200000000011,0.718350000000001,1984
2026-08-12T20:00:00+00:00,0.718350000000001,0.718380000000001,0.7180700000000011,0.718130000000001,1041
2026-08-12T20:30:00+00:00,0.718130000000001,0.718350000000001,0.718110000000001,0.718160000000001,1070
2026-08-12T21:00:00+00:00,0.718160000000001,0.718160000000001,0.7176000000000011,0.717780000000001,478.4810848317066
2026-08-12T21:30:00+00:00,0.717780000000001,0.7179500000000009,0.7176500000000009,0.7177900000000009,856.6087003929185
2026-08-12T22:00:00+00:00,0.7177900000000009,0.7182800000000009,0.7177900000000009,0.7182600000000009,688
2026-08-12T22:30:00+00:00,0.7182600000000009,0.7183600000000009,0.718200000000001,0.7183400000000009,620.9289287609364
2026-08-12T23:00:00+00:00,0.7183400000000009,0.7184500000000008,0.7183300000000009,0.7184000000000008,754.5172692769644
2026-08-12T23:30:00+00:00,0.7184000000000008,0.7184900000000007,0.7183200000000007,0.7184500000000008,1004.6280744429403
2026-08-13T00:00:00+00:00,0.7184500000000008,0.7187700000000008,0.7183300000000008,0.7184300000000008,2877
2026-08-13T00:30:00+00:00,0.7184300000000008,0.7185500000000008,0.7180200000000008,0.7182200000000007,3062
2026-08-13T01:00:00+00:00,0.7182200000000007,0.7182800000000008,0.7178400000000008,0.7179500000000008,3004
2026-08-13T01:30:00+00:00,0.7179500000000008,0.7182400000000008,0.7176600000000007,0.7177300000000008,2891
2026-08-13T02:00:00+00:00,0.7177300000000008,0.7177600000000007,0.7174100000000008,0.7174400000000007,2385
2026-08-13T02:30:00+00:00,0.7174400000000007,0.7175100000000008,0.7171300000000007,0.7173700000000007,2367
2026-08-13T03:00:00+00:00,0.7173700000000007,0.7174500000000008,0.7167800000000007,0.7169400000000008,3071
2026-08-13T03:30:00+00:00,0.7169400000000008,0.7171300000000007,0.7168700000000008,0.7168900000000008,1725
2026-08-13T04:00:00+00:00,0.7168900000000008,0.7170100000000008,0.7165900000000007,0.7168500000000008,1812
2026-08-13T04:30:00+00:00,0.7168500000000008,0.7171300000000007,0.7167100000000007,0.7170200000000008,2209
2026-08-13T05:00:00+00:00,0.7170200000000008,0.7173000000000007,0.7169700000000008,0.7170900000000008,1976
2026-08-13T05:30:00+00:00,0.7170900000000008,0.7171200000000008,0.7167400000000008,0.7170400000000008,2306
2026-08-13T06:00:00+00:00,0.7170400000000008,0.7172400000000008,0.7168900000000008,0.7169700000000008,2838
2026-08-13T06:30:00+00:00,0.7169700000000008,0.7170600000000008,0.7164600000000008,0.7169700000000008,3147
2026-08-13T07:00:00+00:00,0.7169700000000008,0.7171500000000007,0.7167000000000008,0.7170400000000008,2973
2026-08-13T07:30:00+00:00,0.7170400000000008,0.7171000000000007,0.7167900000000008,0.7169600000000008,2758
2026-08-13T08:00:00+00:00,0.7169600000000008,0.7170500000000007,0.7167200000000008,0.7168300000000007,2792
2026-08-13T08:30:00+00:00,0.7168300000000007,0.7170300000000007,0.7168200000000008,0.7169000000000008,1962
2026-08-13T09:00:00+00:00,0.7169000000000008,0.7173700000000007,0.7167500000000008,0.7173400000000008,2345
2026-08-13T09:30:00+00:00,0.7173400000000008,0.7179100000000007,0.7172700000000007,0.7178700000000008,2015
2026-08-13T10:00:00+00:00,0.7178700000000008,0.7178800000000007,0.7175900000000007,0.7176500000000008,2535
2026-08-13T10:30:00+00:00,0.7176500000000008,0.7177500000000008,0.7174400000000007,0.7175500000000008,2096
2026-08-13T11:00:00+00:00,0.7175500000000008,0.7176600000000007,0.7173100000000008,0.7174700000000007,2176
2026-08-13T11:30:00+00:00,0.7174700000000007,0.7175700000000008,0.7173200000000007,0.7173700000000007,1993
2026-08-13T12:00:00+00:00,0.7173700000000007,0.7173800000000008,0.7169500000000008,0.7172100000000008,2773
2026-08-13T12:30:00+00:00,0.7172100000000008,0.7185900000000007,0.7167300000000008,0.7185800000000008,6904
2026-08-13T13:00:00+00:00,0.7185800000000008,0.7186800000000008,0.7180200000000008,0.7180200000000008,5532
2026-08-13T13:30:00+00:00,0.7180200000000008,0.7182100000000008,0.7176900000000007,0.7177800000000008,5917
2026-08-13T14:00:00+00:00,0.7177800000000008,0.7187500000000008,0.7177800000000008,0.7183800000000008,6757
2026-08-13T14:30:00+00:00,0.7183800000000008,0.7188100000000007,0.7181400000000008,0.7185500000000008,4403
2026-08-13T15:00:00+00:00,0.7185500000000008,0.7187300000000008,0.7176800000000008,0.7177900000000008,5434
2026-08-13T15:30:00+00:00,0.7177900000000008,0.7180900000000008,0.7176500000000008,0.7178000000000008,4120
2026-08-13T16:00:00+00:00,0.7178000000000008,0.7179500000000008,0.7174300000000008,0.7176400000000007,3229
2026-08-13T16:30:00+00:00,0.7176400000000007,0.7181200000000008,0.7176400000000007,0.7180400000000008,2639
2026-08-13T17:00:00+00:00,0.7180400000000008,0.7182300000000008,0.7177700000000008,0.7177900000000008,2706
2026-08-13T17:30:00+00:00,0.7177900000000008,0.7180000000000007,0.7177200000000008,0.7177400000000007,2323
2026-08-13T18:00:00+00:00,0.7177400000000007,0.7179900000000008,0.7175700000000008,0.7178300000000007,2387
2026-08-13T18:30:00+00:00,0.7178300000000007,0.7179600000000008,0.7176900000000007,0.7178300000000007,1944
2026-08-13T19:00:00+00:00,0.7178300000000007,0.7181500000000007,0.7177700000000008,0.7181100000000008,2064
2026-08-13T19:30:00+00:00,0.7181100000000008,0.7181300000000007,0.7178600000000007,0.7180700000000008,1910
2026-08-13T20:00:00+00:00,0.7180700000000008,0.7181400000000008,0.7179100000000007,0.7180100000000008,922
2026-08-13T20:30:00+00:00,0.7180100000000008,0.7181000000000007,0.7179400000000008,0.7180100000000008,686
2026-08-13T21:00:00+00:00,0.7180100000000008,0.7180100000000008,0.7172800000000008,0.7178100000000007,629.4267292463546
2026-08-13T21:30:00+00:00,0.7178100000000007,0.7179400000000008,0.7175600000000008,0.7175900000000007,2351
2026-08-13T22:00:00+00:00,0.7175900000000007,0.7182000000000007,0.7175900000000007,0.7181800000000008,706.3160173160173
2026-08-13T22:30:00+00:00,0.7181800000000008,0.7183200000000008,0.7181100000000008,0.7182700000000009,457
2026-08-13T23:00:00+00:00,0.7182700000000009,0.7184400000000009,0.7182400000000008,0.7182900000000008,949
2026-08-13T23:30:00+00:00,0.7182900000000008,0.7184800000000008,0.7182400000000008,0.7184100000000008,969
2026-08-14T00:00:00+00:00,0.7184100000000008,0.7187100000000008,0.7183900000000009,0.7185600000000009,2662
2026-08-14T00:30:00+00:00,0.7185600000000009,0.7185600000000009,0.7180700000000008,0.7182300000000008,2477
2026-08-14T01:00:00+00:00,0.7182300000000008,0.7182600000000008,0.7176800000000008,0.7180600000000008,3470
2026-08-14T01:30:00+00:00,0.7180600000000008,0.7181100000000008,0.7177600000000008,0.7177700000000008,2495
2026-08-14T02:00:00+00:00,0.7177700000000008,0.7180000000000009,0.7177100000000008,0.7177500000000008,2152
2026-08-14T02:30:00+00:00,0.7177500000000008,0.7180800000000008,0.7176200000000008,0.7177200000000008,2288
2026-08-14T03:00:00+00:00,0.7177200000000008,0.7182200000000009,0.7176400000000008,0.7182100000000008,2000
2026-08-14T03:30:00+00:00,0.7182100000000008,0.7182600000000008,0.7180400000000008,0.7181900000000008,1914
2026-08-14T04:00:00+00:00,0.7181900000000008,0.7184200000000008,0.7181400000000008,0.7183000000000008,1576
2026-08-14T04:30:00+00:00,0.7183000000000008,0.7184100000000008,0.7182500000000008,0.7183200000000008,1297
2026-08-14T05:00:00+00:00,0.7183200000000008,0.7185400000000008,0.7182600000000008,0.7185200000000008,1361
2026-08-14T05:30:00+00:00,0.7185200000000008,0.7188600000000008,0.7184200000000008,0.7188600000000008,2337
2026-08-14T06:00:00+00:00,0.7188600000000008,0.7189200000000008,0.7183800000000008,0.7185500000000008,2353
2026-08-14T06:30:00+00:00,0.7185500000000008,0.7189500000000009,0.7185400000000008,0.7189100000000008,2366
2026-08-14T07:00:00+00:00,0.7189100000000008,0.7191000000000008,0.7187900000000008,0.7188000000000008,2319
2026-08-14T07:30:00+00:00,0.7188000000000008,0.7194100000000008,0.7187900000000008,0.7193000000000008,2158
2026-08-14T08:00:00+00:00,0.7193000000000008,0.7195000000000008,0.7189900000000008,0.7191800000000008,2567
2026-08-14T08:30:00+00:00,0.7191800000000008,0.7195900000000008,0.7191400000000008,0.7193600000000008,2459
2026-08-14T09:00:00+00:00,0.7193600000000008,0.7196100000000009,0.7193100000000008,0.7195500000000008,2035
2026-08-14T09:30:00+00:00,0.7195500000000008,0.7196000000000008,0.7192800000000008,0.7196000000000008,1904
2026-08-14T10:00:00+00:00,0.7196000000000008,0.7198600000000008,0.7195100000000008,0.7196400000000008,1748
2026-08-14T10:30:00+00:00,0.7196400000000008,0.7197000000000008,0.7195300000000008,0.7196500000000008,1384
2026-08-14T11:00:00+00:00,0.7196500000000008,0.7201800000000008,0.7196400000000008,0.7201300000000008,2103
2026-08-14T11:30:00+00:00,0.7201300000000008,0.7204600000000008,0.7200400000000008,0.7201800000000008,2619
2026-08-14T12:00:00+00:00,0.7201800000000008,0.7206600000000009,0.7198100000000008,0.7206300000000008,3048
2026-08-14T12:30:00+00:00,0.7206300000000008,0.7210500000000009,0.7199500000000008,0.7201600000000008,4569
2026-08-14T13:00:00+00:00,0.7201600000000008,0.7205700000000008,0.7199500000000008,0.7204600000000008,3724
2026-08-14T13:30:00+00:00,0.7204600000000008,0.7213800000000008,0.7202600000000008,0.7211600000000008,5254
2026-08-14T14:00:00+00:00,0.7211600000000008,0.7213600000000008,0.7208800000000009,0.7212400000000008,4482
2026-08-14T14:30:00+00:00,0.7212400000000008,0.7213100000000008,0.7206400000000008,0.7212200000000009,5182
2026-08-14T15:00:00+00:00,0.7212200000000009,0.7216700000000008,0.7209500000000008,0.7211900000000008,3920
2026-08-14T15:30:00+00:00,0.7211900000000008,0.7213800000000008,0.7209500000000008,0.7210900000000008,3316
2026-08-14T16:00:00+00:00,0.7210900000000008,0.7212700000000009,0.7207800000000009,0.7208000000000008,3042
2026-08-14T16:30:00+00:00,0.7208000000000008,0.7210500000000009,0.7204000000000008,0.7204600000000008,2065
2026-08-14T17:00:00+00:00,0.7204600000000008,0.7204800000000008,0.7200900000000008,0.7202500000000008,1752
2026-08-14T17:30:00+00:00,0.7202500000000008,0.7202600000000008,0.7199900000000008,0.7201600000000008,1347
2026-08-14T18:00:00+00:00,0.7201600000000008,0.7202200000000009,0.7199600000000008,0.7202100000000008,1241
2026-08-14T18:30:00+00:00,0.7202100000000008,0.7203500000000008,0.7200900000000008,0.7202600000000008,1111
2026-08-14T19:00:00+00:00,0.7202600000000008,0.7204900000000009,0.7201900000000008,0.7204400000000009,1097
2026-08-14T19:30:00+00:00,0.7204400000000009,0.7205000000000008,0.7202700000000009,0.7204900000000009,1122
2026-08-14T20:00:00+00:00,0.7204900000000009,0.7205100000000008,0.7203300000000008,0.7204200000000008,634
2026-08-14T20:30:00+00:00,0.7204200000000008,0.7205100000000008,0.7200600000000008,0.7203200000000008,1040.241355177333
2026-08-16T21:00:00+00:00,0.7203200000000008,0.7204700000000008,0.7196800000000011,0.7196800000000011,347.7902776543289
2026-08-16T21:30:00+00:00,0.7196800000000011,0.7197000000000011,0.7193100000000009,0.7193900000000009,634.919209067195
2026-08-16T22:00:00+00:00,0.7193900000000009,0.7201500000000008,0.7193900000000009,0.7201300000000008,898
2026-08-16T22:30:00+00:00,0.7201300000000008,0.7204300000000008,0.7201300000000008,0.7204100000000009,450
2026-08-16T23:00:00+00:00,0.7204100000000009,0.7205100000000009,0.7203500000000009,0.7203700000000008,598.2854599642338
2026-08-16T23:30:00+00:00,0.7203700000000008,0.7204400000000009,0.7200600000000008,0.7201100000000008,1069.3969171483623
2026-08-17T00:00:00+00:00,0.7201100000000008,0.7210300000000008,0.7201100000000008,0.7209700000000009,2631
2026-08-17T00:30:00+00:00,0.7209700000000009,0.7211600000000008,0.7206300000000009,0.7208300000000009,2973
2026-08-17T01:00:00+00:00,0.7208300000000009,0.7211100000000008,0.7204800000000008,0.7209800000000008,3207
2026-08-17T01:30:00+00:00,0.7209800000000008,0.7214000000000008,0.7207200000000008,0.7212500000000008,2834
2026-08-17T02:00:00+00:00,0.7212500000000008,0.7213400000000009,0.7209700000000009,0.7211700000000009,2231
2026-08-17T02:30:00+00:00,0.7211700000000009,0.7212200000000009,0.7207400000000008,0.7208000000000009,2040
2026-08-17T03:00:00+00:00,0.7208000000000009,0.7211600000000008,0.7207400000000008,0.7211500000000008,1860
2026-08-17T03:30:00+00:00,0.7211500000000008,0.7216900000000008,0.7209600000000008,0.7216400000000008,2218
2026-08-17T04:00:00+00:00,0.7216400000000008,0.7222100000000008,0.7215700000000008,0.7219700000000009,2079
2026-08-17T04:30:00+00:00,0.7219700000000009,0.7220300000000008,0.7217600000000008,0.7217600000000008,1549
2026-08-17T05:00:00+00:00,0.7217600000000008,0.7222000000000008,0.7216800000000009,0.7221900000000009,1646
2026-08-17T05:30:00+00:00,0.7221900000000009,0.7231600000000008,0.7221400000000009,0.7228700000000008,3691
2026-08-17T06:00:00+00:00,0.7228700000000008,0.7232800000000008,0.7225800000000009,0.7232500000000008,3848
2026-08-17T06:30:00+00:00,0.7232500000000008,0.7238800000000009,0.7230900000000008,0.7238200000000008,2918
2026-08-17T07:00:00+00:00,0.7238200000000008,0.7240100000000008,0.7235900000000008,0.7239200000000009,3580
2026-08-17T07:30:00+00:00,0.7239200000000009,0.7240400000000008,0.7235800000000009,0.7236700000000008,3151
2026-08-17T08:00:00+00:00,0.7236700000000008,0.7238300000000009,0.7232000000000008,0.7238200000000008,2434
2026-08-17T08:30:00+00:00,0.7238200000000008,0.7240200000000009,0.7233900000000009,0.7236100000000009,3283
2026-08-17T09:00:00+00:00,0.7236100000000009,0.7240700000000009,0.7235000000000008,0.7237900000000008,2367
2026-08-17T09:30:00+00:00,0.7237900000000008,0.7243700000000008,0.7237900000000008,0.7241800000000008,2543
2026-08-17T10:00:00+00:00,0.7241800000000008,0.7245600000000009,0.7239900000000008,0.7244800000000008,3368
2026-08-17T10:30:00+00:00,0.7244800000000008,0.7245400000000009,0.7239200000000009,0.7240600000000008,3645
2026-08-17T11:00:00+00:00,0.7240600000000008,0.7245100000000009,0.7240400000000008,0.7241800000000008,2743
2026-08-17T11:30:00+00:00,0.7241800000000008,0.7242300000000008,0.7238400000000008,0.7241200000000009,2336
2026-08-17T12:00:00+00:00,0.7241200000000009,0.7242600000000008,0.7235100000000009,0.7237100000000009,3891
2026-08-17T12:30:00+00:00,0.7237100000000009,0.7238300000000009,0.7232800000000008,0.7237900000000008,3612
2026-08-17T13:00:00+00:00,0.7237900000000008,0.7238900000000008,0.7231300000000008,0.7231900000000009,3800
2026-08-17T13:30:00+00:00,0.7231900000000009,0.7234000000000008,0.7224500000000008,0.7231600000000008,4619
2026-08-17T14:00:00+00:00,0.7231600000000008,0.7240700000000009,0.7230800000000008,0.7236200000000008,4316
2026-08-17T14:30:00+00:00,0.7236200000000008,0.7237900000000008,0.7226400000000008,0.7227900000000008,5155
2026-08-17T15:00:00+00:00,0.7227900000000008,0.7229100000000008,0.7226000000000008,0.7228200000000008,3602
2026-08-17T15:30:00+00:00,0.7228200000000008,0.7229200000000009,0.7223400000000009,0.7228400000000008,2695
2026-08-17T16:00:00+00:00,0.7228400000000008,0.7230300000000008,0.7226600000000009,0.7229400000000008,2234
2026-08-17T16:30:00+00:00,0.7229400000000008,0.7231100000000008,0.7227900000000008,0.7228000000000009,1405
2026-08-17T17:00:00+00:00,0.7228000000000009,0.7228700000000008,0.7223500000000008,0.7225000000000008,2176
2026-08-17T17:30:00+00:00,0.7225000000000008,0.7225500000000008,0.7219500000000009,0.7220800000000008,2268
2026-08-17T18:00:00+00:00,0.7220800000000008,0.7221800000000008,0.7217300000000009,0.7219200000000009,2207
2026-08-17T18:30:00+00:00,0.7219200000000009,0.7219700000000009,0.7216900000000008,0.7217900000000008,2039
2026-08-17T19:00:00+00:00,0.7217900000000008,0.7222100000000008,0.7217100000000009,0.7221900000000009,1943
2026-08-17T19:30:00+00:00,0.7221900000000009,0.7222100000000008,0.7220200000000009,0.7220800000000008,1351
2026-08-17T20:00:00+00:00,0.7220800000000008,0.7221200000000009,0.7219800000000008,0.7220000000000009,823
2026-08-17T20:30:00+00:00,0.7220000000000009,0.7220800000000008,0.7219100000000008,0.7220200000000009,908
2026-08-17T21:00:00+00:00,0.7220200000000009,0.7221600000000009,0.721730000000001,0.7219600000000009,366.6152605473835
2026-08-17T21:30:00+00:00,0.7219600000000009,0.7219600000000009,0.721590000000001,0.721760000000001,291.0787489420321
2026-08-17T22:00:00+00:00,0.721760000000001,0.722110000000001,0.721760000000001,0.722100000000001,514
2026-08-17T22:30:00+00:00,0.722100000000001,0.722140000000001,0.722000000000001,0.722100000000001,527
2026-08-17T23:00:00+00:00,0.722100000000001,0.722240000000001,0.7220100000000009,0.7222300000000009,547.5158316633267
2026-08-17T23:30:00+00:00,0.7222300000000009,0.7223600000000009,0.7221900000000009,0.7223500000000009,963
2026-08-18T00:00:00+00:00,0.7223500000000009,0.7225500000000009,0.722250000000001,0.7223000000000009,2298
2026-08-18T00:30:00+00:00,0.7223000000000009,0.7226100000000009,0.722150000000001,0.7224500000000009,2215
2026-08-18T01:00:00+00:00,0.7224500000000009,0.722880000000001,0.7223300000000009,0.7225100000000009,2923
2026-08-18T01:30:00+00:00,0.7225100000000009,0.7227300000000009,0.7221600000000009,0.7222100000000009,2341
2026-08-18T02:00:00+00:00,0.7222100000000009,0.7222900000000009,0.7220100000000009,0.722250000000001,2698
2026-08-18T02:30:00+00:00,0.722250000000001,0.7226700000000009,0.7221400000000009,0.7226300000000009,2042
2026-08-18T03:00:00+00:00,0.7226300000000009,0.722640000000001,0.7220900000000009,0.7221600000000009,2020
2026-08-18T03:30:00+00:00,0.7221600000000009,0.7221600000000009,0.721640000000001,0.7217900000000009,2091
2026-08-18T04:00:00+00:00,0.7217900000000009,0.721880000000001,0.721490000000001,0.7217000000000009,2142
2026-08-18T04:30:00+00:00,0.7217000000000009,0.721760000000001,0.7214500000000009,0.7215500000000009,1584
2026-08-18T05:00:00+00:00,0.7215500000000009,0.7215500000000009,0.7210900000000009,0.721250000000001,1502
2026-08-18T05:30:00+00:00,0.721250000000001,0.7216500000000009,0.7212400000000009,0.7215500000000009,1615
2026-08-18T06:00:00+00:00,0.7215500000000009,0.7216300000000009,0.721050000000001,0.7213800000000009,3355
2026-08-18T06:30:00+00:00,0.7213800000000009,0.721660000000001,0.7210200000000009,0.721590000000001,3085
2026-08-18T07:00:00+00:00,0.721590000000001,0.7218700000000009,0.7213900000000009,0.7216900000000009,3800
2026-08-18T07:30:00+00:00,0.7216900000000009,0.7220000000000009,0.7214700000000009,0.7217500000000009,2599
2026-08-18T08:00:00+00:00,0.7217500000000009,0.721860000000001,0.721420000000001,0.7216800000000009,2754
2026-08-18T08:30:00+00:00,0.7216800000000009,0.7219600000000009,0.7216200000000009,0.7218900000000009,2145
2026-08-18T09:00:00+00:00,0.7218900000000009,0.7221600000000009,0.721640000000001,0.7221300000000009,2499
2026-08-18T09:30:00+00:00,0.7221300000000009,0.7225100000000009,0.7218700000000009,0.7224300000000009,2572
2026-08-18T10:00:00+00:00,0.7224300000000009,0.7225200000000009,0.722100000000001,0.722250000000001,2215
2026-08-18T10:30:00+00:00,0.722250000000001,0.7222900000000009,0.7220900000000009,0.7221800000000009,2005
2026-08-18T11:00:00+00:00,0.7221800000000009,0.722270000000001,0.7220400000000009,0.7220700000000009,1825
2026-08-18T11:30:00+00:00,0.7220700000000009,0.7225800000000009,0.722050000000001,0.7225600000000009,2370
2026-08-18T12:00:00+00:00,0.7225600000000009,0.7229100000000009,0.7224500000000009,0.722640000000001,3369
2026-08-18T12:30:00+00:00,0.722640000000001,0.722860000000001,0.7224000000000009,0.7226000000000009,2537
2026-08-18T13:00:00+00:00,0.7226000000000009,0.722980000000001,0.7225800000000009,0.722640000000001,3526
2026-08-18T13:30:00+00:00,0.722640000000001,0.7235000000000009,0.722220000000001,0.7229900000000009,6108
2026-08-18T14:00:00+00:00,0.7229900000000009,0.7231200000000009,0.7224000000000009,0.7224500000000009,5013
2026-08-18T14:30:00+00:00,0.7224500000000009,0.7224500000000009,0.721370000000001,0.7214100000000009,5597
2026-08-18T15:00:00+00:00,0.7214100000000009,0.721860000000001,0.7209500000000009,0.721100000000001,5234
2026-08-18T15:30:00+00:00,0.721100000000001,0.7213900000000009,0.7209900000000009,0.7211100000000009,4190
2026-08-18T16:00:00+00:00,0.7211100000000009,0.7213100000000009,0.7206900000000009,0.7207300000000009,2953
2026-08-18T16:30:00+00:00,0.7207300000000009,0.7208700000000009,0.720540000000001,0.7207700000000009,2262
2026-08-18T17:00:00+00:00,0.7207700000000009,0.7207800000000009,0.7203500000000009,0.720420000000001,2504
2026-08-18T17:30:00+00:00,0.720420000000001,0.7204300000000009,0.720150000000001,0.720200000000001,2010
2026-08-18T18:00:00+00:00,0.720200000000001,0.720220000000001,0.7198500000000009,0.719980000000001,2008
2026-08-18T18:30:00+00:00,0.719980000000001,0.7200900000000009,0.7197900000000009,0.7199700000000009,1665
2026-08-18T19:00:00+00:00,0.7199700000000009,0.7202300000000009,0.7198400000000009,0.720100000000001,2177
2026-08-18T19:30:00+00:00,0.720100000000001,0.7204000000000009,0.7199000000000009,0.7199500000000009,2114
2026-08-18T20:00:00+00:00,0.7199500000000009,0.7200100000000009,0.719760000000001,0.719880000000001,882
2026-08-18T20:30:00+00:00,0.719880000000001,0.7201900000000009,0.7198500000000009,0.7201300000000008,907.055229032559
2026-08-18T21:00:00+00:00,0.7201300000000008,0.7201300000000008,0.7193900000000009,0.7199000000000009,240.84920188522636
2026-08-18T21:30:00+00:00,0.7199000000000009,0.7202300000000008,0.7197000000000009,0.7197800000000009,407.24818481848183
2026-08-18T22:00:00+00:00,0.7197800000000009,0.7202600000000009,0.7197800000000009,0.7200500000000009,730
2026-08-18T22:30:00+00:00,0.7200500000000009,0.7201000000000009,0.7198500000000009,0.7199200000000009,634
2026-08-18T23:00:00+00:00,0.7199200000000009,0.7200200000000009,0.7195900000000008,0.7196200000000008,787
2026-08-18T23:30:00+00:00,0.7196200000000008,0.7197800000000009,0.7194900000000009,0.7196700000000008,1318
2026-08-19T00:00:00+00:00,0.7196700000000008,0.7201500000000008,0.7193700000000008,0.7200400000000009,3981
2026-08-19T00:30:00+00:00,0.7200400000000009,0.7200500000000009,0.7189600000000008,0.7189800000000008,3897
2026-08-19T01:00:00+00:00,0.7189800000000008,0.7193400000000009,0.7184700000000008,0.7190200000000009,4878
2026-08-19T01:30:00+00:00,0.7190200000000009,0.7193000000000008,0.7188900000000008,0.7191300000000008,3004
2026-08-19T02:00:00+00:00,0.7191300000000008,0.7196200000000008,0.7190400000000009,0.7192700000000009,4443
2026-08-19T02:30:00+00:00,0.7192700000000009,0.7200700000000009,0.7190500000000009,0.7194400000000009,3576
2026-08-19T03:00:00+00:00,0.7194400000000009,0.7195300000000009,0.7190500000000009,0.7191300000000008,2296
2026-08-19T03:30:00+00:00,0.7191300000000008,0.7192400000000009,0.7188300000000009,0.7188300000000009,1834
2026-08-19T04:00:00+00:00,0.7188300000000009,0.7189900000000008,0.7186600000000009,0.7187400000000008,2021
2026-08-19T04:30:00+00:00,0.7187400000000008,0.7189400000000008,0.7182400000000009,0.7188300000000009,2436
2026-08-19T05:00:00+00:00,0.7188300000000009,0.7190100000000008,0.7183900000000009,0.7186600000000009,2920
2026-08-19T05:30:00+00:00,0.7186600000000009,0.7186900000000008,0.7183200000000008,0.7184500000000008,3043
2026-08-19T06:00:00+00:00,0.7184500000000008,0.7193400000000009,0.7182500000000008,0.7192400000000009,4104
2026-08-19T06:30:00+00:00,0.7192400000000009,0.7193700000000008,0.7185700000000008,0.7189700000000009,3697
2026-08-19T07:00:00+00:00,0.7189700000000009,0.7193300000000008,0.7184600000000009,0.7185700000000008,4339
2026-08-19T07:30:00+00:00,0.7185700000000008,0.7188500000000009,0.7184700000000008,0.7186300000000009,3043
2026-08-19T08:00:00+00:00,0.7186300000000009,0.7197400000000008,0.7184700000000008,0.7194300000000008,4622
2026-08-19T08:30:00+00:00,0.7194300000000008,0.7195700000000008,0.7191500000000008,0.7193100000000009,2603
2026-08-19T09:00:00+00:00,0.7193100000000009,0.7197900000000008,0.7191900000000009,0.7195900000000008,3734
2026-08-19T09:30:00+00:00,0.7195900000000008,0.7197100000000008,0.7194500000000008,0.7194900000000009,3060
2026-08-19T10:00:00+00:00,0.7194900000000009,0.7196300000000009,0.7191700000000009,0.7194400000000009,2694
2026-08-19T10:30:00+00:00,0.7194400000000009,0.7195900000000008,0.7191400000000009,0.7191700000000009,2783
2026-08-19T11:00:00+00:00,0.7191700000000009,0.7193000000000008,0.7188900000000008,0.7189400000000008,2766
2026-08-19T11:30:00+00:00,0.7189400000000008,0.7190700000000009,0.7185700000000008,0.7189600000000008,3036
2026-08-19T12:00:00+00:00,0.7189600000000008,0.7198000000000009,0.7188600000000008,0.7196000000000008,4047
2026-08-19T12:30:00+00:00,0.7196000000000008,0.7217700000000008,0.7195800000000009,0.7214700000000008,13741
2026-08-19T13:00:00+00:00,0.7214700000000008,0.7237100000000009,0.7214600000000009,0.7236000000000008,10458
2026-08-19T13:30:00+00:00,0.7236000000000008,0.7240700000000009,0.7230700000000009,0.7233900000000009,12311
2026-08-19T14:00:00+00:00,0.7233900000000009,0.7243400000000009,0.7232100000000008,0.7241500000000008,9138
2026-08-19T14:30:00+00:00,0.7241500000000008,0.7244500000000008,0.7233900000000009,0.7235800000000009,8920
2026-08-19T15:00:00+00:00,0.7235800000000009,0.7241300000000008,0.7232900000000009,0.7238000000000009,7635
2026-08-19T15:30:00+00:00,0.7238000000000009,0.7241600000000008,0.7234300000000008,0.7237300000000009,5023
2026-08-19T16:00:00+00:00,0.7237300000000009,0.7243200000000009,0.7236900000000008,0.7239300000000009,4352
2026-08-19T16:30:00+00:00,0.7239300000000009,0.7241200000000009,0.7238300000000009,0.7238400000000008,3732
2026-08-19T17:00:00+00:00,0.7238400000000008,0.7242400000000009,0.7232200000000009,0.7233600000000009,5026
2026-08-19T17:30:00+00:00,0.7233600000000009,0.7233900000000009,0.7228500000000009,0.7228800000000009,3427
2026-08-19T18:00:00+00:00,0.7228800000000009,0.7236800000000009,0.7227700000000008,0.7229100000000008,5144
2026-08-19T18:30:00+00:00,0.7229100000000008,0.7240300000000008,0.7229100000000008,0.7237800000000009,4241
2026-08-19T19:00:00+00:00,0.7237800000000009,0.7241900000000009,0.7236900000000008,0.7241400000000009,3820
2026-08-19T19:30:00+00:00,0.7241400000000009,0.7242500000000008,0.7238300000000009,0.7239600000000008,4543
2026-08-19T20:00:00+00:00,0.7239600000000008,0.7240800000000008,0.7237300000000009,0.7238600000000008,1362
2026-08-19T20:30:00+00:00,0.7238600000000008,0.7241200000000009,0.7238600000000008,0.7240300000000008,1770
2026-08-19T21:00:00+00:00,0.7240300000000008,0.7240300000000008,0.7231000000000009,0.7231800000000008,617.2081371022896
2026-08-19T21:30:00+00:00,0.7231800000000008,0.7239000000000009,0.7231200000000009,0.7236100000000009,537
2026-08-19T22:00:00+00:00,0.7236100000000009,0.7240300000000008,0.7236100000000009,0.7240300000000008,862
2026-08-19T22:30:00+00:00,0.7240300000000008,0.7241500000000008,0.7238300000000008,0.7238700000000008,770.1060100166944
2026-08-19T23:00:00+00:00,0.7238700000000008,0.7242800000000009,0.7238200000000008,0.7239400000000009,1503
2026-08-19T23:30:00+00:00,0.7239400000000009,0.7240200000000009,0.7236100000000009,0.7237100000000009,1392
2026-08-20T00:00:00+00:00,0.7237100000000009,0.7241200000000009,0.7236000000000009,0.7237800000000009,3728
2026-08-20T00:30:00+00:00,0.7237800000000009,0.7238800000000009,0.7229800000000008,0.7231200000000009,3630
2026-08-20T01:00:00+00:00,0.7231200000000009,0.7240500000000009,0.7228800000000009,0.7239400000000009,4871
2026-08-20T01:30:00+00:00,0.7239400000000009,0.7239400000000009,0.7216700000000009,0.7229100000000008,9588
2026-08-20T02:00:00+00:00,0.7229100000000008,0.7234500000000009,0.7224200000000008,0.7226700000000009,4977
2026-08-20T02:30:00+00:00,0.7226700000000009,0.7229400000000009,0.7225900000000008,0.7228300000000009,3196
2026-08-20T03:00:00+00:00,0.7228300000000009,0.7233700000000008,0.7226700000000009,0.7231700000000009,2863
2026-08-20T03:30:00+00:00,0.7231700000000009,0.7234400000000009,0.7229400000000009,0.7233500000000009,2115
2026-08-20T04:00:00+00:00,0.7233500000000009,0.7238400000000009,0.7233200000000009,0.7234100000000009,2012
2026-08-20T04:30:00+00:00,0.7234100000000009,0.7234300000000009,0.7227200000000009,0.7228100000000008,2017
2026-08-20T05:00:00+00:00,0.7228100000000008,0.7230400000000009,0.7227200000000009,0.7227500000000009,2776
2026-08-20T05:30:00+00:00,0.7227500000000009,0.7230400000000009,0.7226100000000009,0.7229200000000009,2925
2026-08-20T06:00:00+00:00,0.7229200000000009,0.7232400000000009,0.722860000000001,0.7231300000000009,3281
2026-08-20T06:30:00+00:00,0.7231300000000009,0.7237500000000009,0.7229900000000009,0.7236800000000009,3604
2026-08-20T07:00:00+00:00,0.7236800000000009,0.7236800000000009,0.7231300000000009,0.7234300000000009,3495
2026-08-20T07:30:00+00:00,0.7234300000000009,0.7239400000000009,0.7233300000000009,0.7237800000000009,4422
2026-08-20T08:00:00+00:00,0.7237800000000009,0.7241500000000008,0.7236500000000009,0.7239000000000009,4353
2026-08-20T08:30:00+00:00,0.7239000000000009,0.7242700000000009,0.7235900000000008,0.7238400000000009,3303
2026-08-20T09:00:00+00:00,0.7238400000000009,0.7246300000000009,0.7236900000000009,0.724470000000001,4136
2026-08-20T09:30:00+00:00,0.724470000000001,0.7245000000000009,0.7239600000000009,0.7242900000000009,3414
2026-08-20T10:00:00+00:00,0.7242900000000009,0.7246800000000009,0.7240700000000009,0.7246300000000009,3209
2026-08-20T10:30:00+00:00,0.7246300000000009,0.7247000000000009,0.7235400000000008,0.7237600000000008,3121
2026-08-20T11:00:00+00:00,0.7237600000000008,0.7238800000000009,0.7229600000000009,0.7231300000000009,3587
2026-08-20T11:30:00+00:00,0.7231300000000009,0.723470000000001,0.7222600000000009,0.7223300000000009,4876
2026-08-20T12:00:00+00:00,0.7223300000000009,0.7224900000000009,0.7217100000000009,0.7223400000000009,6475
2026-08-20T12:30:00+00:00,0.7223400000000009,0.7232600000000009,0.7221200000000009,0.7231100000000009,5313
2026-08-20T13:00:00+00:00,0.7231100000000009,0.7236800000000009,0.7231100000000009,0.7235200000000009,5292
2026-08-20T13:30:00+00:00,0.7235200000000009,0.7238200000000009,0.7229100000000009,0.7230700000000009,6771
2026-08-20T14:00:00+00:00,0.7230700000000009,0.7236300000000009,0.7228900000000009,0.7233400000000009,6577
2026-08-20T14:30:00+00:00,0.7233400000000009,0.7239200000000009,0.7232700000000009,0.7235400000000008,5900
2026-08-20T15:00:00+00:00,0.7235400000000008,0.7246600000000009,0.7233000000000009,0.7241400000000009,9464
2026-08-20T15:30:00+00:00,0.7241400000000009,0.7241500000000008,0.7227900000000009,0.7233700000000008,6431
2026-08-20T16:00:00+00:00,0.7233700000000008,0.7234300000000009,0.7226500000000009,0.7227900000000009,4861
2026-08-20T16:30:00+00:00,0.7227900000000009,0.7228400000000009,0.7225100000000009,0.7227000000000009,4192
2026-08-20T17:00:00+00:00,0.7227000000000009,0.7227700000000009,0.7224200000000008,0.7226100000000009,3251
2026-08-20T17:30:00+00:00,0.7226100000000009,0.7227200000000009,0.722470000000001,0.7226700000000009,2193
2026-08-20T18:00:00+00:00,0.7226700000000009,0.7227100000000009,0.7220100000000009,0.7221700000000009,2801
2026-08-20T18:30:00+00:00,0.7221700000000009,0.7225600000000009,0.7221700000000009,0.7225300000000009,2286
2026-08-20T19:00:00+00:00,0.7225300000000009,0.7226500000000009,0.7223300000000009,0.7225900000000008,2814
2026-08-20T19:30:00+00:00,0.7225900000000008,0.7227400000000009,0.7223900000000009,0.7227000000000009,2551
2026-08-20T20:00:00+00:00,0.7227000000000009,0.7227800000000009,0.7226100000000009,0.7226300000000009,1085
2026-08-20T20:30:00+00:00,0.7226300000000009,0.7228100000000008,0.7226100000000009,0.7226700000000009,962
2026-08-20T21:00:00+00:00,0.7226700000000009,0.7226700000000009,0.7220700000000009,0.7223400000000009,245.08447138709255
2026-08-20T21:30:00+00:00,0.7223400000000009,0.7223600000000009,0.7220900000000009,0.7223000000000009,3283
2026-08-20T22:00:00+00:00,0.7223000000000009,0.7229500000000009,0.7223000000000009,0.7228900000000009,585
2026-08-20T22:30:00+00:00,0.7228900000000009,0.7230800000000009,0.7228200000000009,0.7229300000000008,540
2026-08-20T23:00:00+00:00,0.7229300000000008,0.7231800000000009,0.7229300000000008,0.7231500000000008,848
2026-08-20T23:30:00+00:00,0.7231500000000008,0.7234000000000009,0.7230900000000009,0.7233000000000009,1187
2026-08-21T00:00:00+00:00,0.7233000000000009,0.7239600000000009,0.7233000000000009,0.7237500000000009,3439
2026-08-21T00:30:00+00:00,0.7237500000000009,0.7239100000000009,0.7235300000000009,0.7235500000000009,2962
2026-08-21T01:00:00+00:00,0.7235500000000009,0.7244600000000009,0.7234900000000009,0.7244000000000009,4363
2026-08-21T01:30:00+00:00,0.7244000000000009,0.7248500000000009,0.7241800000000009,0.7248000000000009,3385
2026-08-21T02:00:00+00:00,0.7248000000000009,0.7255500000000009,0.7246700000000009,0.7253600000000009,2620
2026-08-21T02:30:00+00:00,0.7253600000000009,0.7258500000000009,0.7251700000000009,0.7253500000000009,2669
2026-08-21T03:00:00+00:00,0.7253500000000009,0.725690000000001,0.7253000000000009,0.7254100000000009,2100
2026-08-21T03:30:00+00:00,0.7254100000000009,0.7256600000000009,0.7252800000000009,0.7255600000000009,2259
2026-08-21T04:00:00+00:00,0.7255600000000009,0.7256500000000009,0.7253500000000009,0.7254100000000009,1781
2026-08-21T04:30:00+00:00,0.7254100000000009,0.7255600000000009,0.7252600000000009,0.7254900000000009,1794
2026-08-21T05:00:00+00:00,0.7254900000000009,0.7255200000000009,0.7252200000000009,0.7253700000000008,2064
2026-08-21T05:30:00+00:00,0.7253700000000008,0.7260200000000009,0.7252700000000009,0.7259100000000009,2597
2026-08-21T06:00:00+00:00,0.7259100000000009,0.7259500000000009,0.7254900000000009,0.7257900000000009,3275
2026-08-21T06:30:00+00:00,0.7257900000000009,0.7262500000000008,0.725690000000001,0.7259400000000009,2958
2026-08-21T07:00:00+00:00,0.7259400000000009,0.7262700000000009,0.725860000000001,0.7260500000000009,4098
2026-08-21T07:30:00+00:00,0.7260500000000009,0.7265100000000009,0.7259800000000008,0.7265000000000009,4410
2026-08-21T08:00:00+00:00,0.7265000000000009,0.7274200000000008,0.726300000000001,0.7273300000000009,4173
2026-08-21T08:30:00+00:00,0.7273300000000009,0.7277500000000009,0.7271200000000009,0.7275600000000009,4437
2026-08-21T09:00:00+00:00,0.7275600000000009,0.7280100000000009,0.7271900000000009,0.727300000000001,4039
2026-08-21T09:30:00+00:00,0.727300000000001,0.7276800000000009,0.7271900000000009,0.727300000000001,2826
2026-08-21T10:00:00+00:00,0.727300000000001,0.7278500000000009,0.7272800000000009,0.7278100000000008,3337
2026-08-21T10:30:00+00:00,0.7278100000000008,0.7278700000000009,0.7272400000000009,0.7273700000000008,2881
2026-08-21T11:00:00+00:00,0.7273700000000008,0.7281200000000009,0.7272800000000009,0.7281200000000009,3974
2026-08-21T11:30:00+00:00,0.7281200000000009,0.7281700000000009,0.7275500000000009,0.7278000000000009,4464
2026-08-21T12:00:00+00:00,0.7278000000000009,0.7283600000000009,0.7278000000000009,0.7282400000000009,4214
2026-08-21T12:30:00+00:00,0.7282400000000009,0.7282500000000008,0.7273900000000009,0.7280000000000009,4168
2026-08-21T13:00:00+00:00,0.7280000000000009,0.7282100000000009,0.7277000000000009,0.7278800000000009,4162
2026-08-21T13:30:00+00:00,0.7278800000000009,0.7287200000000009,0.7274600000000009,0.7285100000000009,5235
2026-08-21T14:00:00+00:00,0.7285100000000009,0.728520000000001,0.7279600000000009,0.7282000000000008,5162
2026-08-21T14:30:00+00:00,0.7282000000000008,0.7282700000000009,0.7274100000000009,0.7278100000000008,6583
2026-08-21T15:00:00+00:00,0.7278100000000008,0.7285700000000009,0.7277100000000009,0.7284500000000009,5775
2026-08-21T15:30:00+00:00,0.7284500000000009,0.7291200000000009,0.7284100000000009,0.7289800000000008,3961
2026-08-21T16:00:00+00:00,0.7289800000000008,0.7290900000000009,0.7285000000000009,0.7286500000000009,4911
2026-08-21T16:30:00+00:00,0.7286500000000009,0.7287600000000009,0.7285000000000009,0.7286700000000009,2499
2026-08-21T17:00:00+00:00,0.7286700000000009,0.7290100000000009,0.7286300000000009,0.7289600000000009,3021
2026-08-21T17:30:00+00:00,0.7289600000000009,0.7293100000000009,0.7288600000000008,0.7291800000000009,2243
2026-08-21T18:00:00+00:00,0.7291800000000009,0.7294500000000009,0.7291200000000009,0.7292100000000009,3358
2026-08-21T18:30:00+00:00,0.7292100000000009,0.7293100000000009,0.7291200000000009,0.7292500000000008,2264
2026-08-21T19:00:00+00:00,0.7292500000000008,0.7293300000000009,0.7287500000000009,0.7288200000000009,3322
2026-08-21T19:30:00+00:00,0.7288200000000009,0.7290100000000009,0.7286600000000009,0.7287100000000009,3236
2026-08-21T20:00:00+00:00,0.7287100000000009,0.7287700000000009,0.7285900000000008,0.7285900000000008,883.7464995234953
2026-08-21T20:30:00+00:00,0.7285900000000008,0.7285900000000008,0.728300000000001,0.7283800000000009,1240
2026-08-23T21:00:00+00:00,0.71566,0.71611,0.7156399999999999,0.716,92
2026-08-23T21:30:00+00:00,0.716,0.71642,0.7159,0.71642,1688
2026-08-23T22:00:00+00:00,0.71642,0.717,0.71642,0.7169099999999999,1681
2026-08-23T22:30:00+00:00,0.7169099999999999,0.71707,0.71685,0.7169,589
2026-08-23T23:00:00+00:00,0.7169,0.71693,0.71673,0.7168,724
2026-08-23T23:30:00+00:00,0.7168,0.71716,0.71673,0.71715,1012
2026-08-24T00:00:00+00:00,0.71715,0.71755,0.71695,0.71714,4005
2026-08-24T00:30:00+00:00,0.71714,0.71759,0.71696,0.71759,3124
2026-08-24T01:00:00+00:00,0.71759,0.71768,0.71676,0.71684,4681
2026-08-24T01:30:00+00:00,0.71684,0.71697,0.7165,0.71676,3710
2026-08-24T02:00:00+00:00,0.71676,0.71719,0.71656,0.71692,3701
2026-08-24T02:30:00+00:00,0.71692,0.71696,0.71635,0.71656,2945
2026-08-24T03:00:00+00:00,0.71656,0.71665,0.7162,0.71645,2563
2026-08-24T03:30:00+00:00,0.71645,0.71662,0.71631,0.71641,2571
2026-08-24T04:00:00+00:00,0.71641,0.71669,0.71619,0.71667,3035
2026-08-24T04:30:00+00:00,0.71667,0.71677,0.71649,0.7167,2263
2026-08-24T05:00:00+00:00,0.7167,0.71692,0.71662,0.7167,2161
2026-08-24T05:30:00+00:00,0.7167,0.71696,0.71649,0.71691,2994
2026-08-24T06:00:00+00:00,0.71691,0.71692,0.71628,0.71636,3915
2026-08-24T06:30:00+00:00,0.71636,0.71713,0.71635,0.71686,3792
2026-08-24T07:00:00+00:00,0.71686,0.71712,0.71646,0.71661,4323
2026-08-24T07:30:00+00:00,0.71661,0.71671,0.71613,0.7164,3829
2026-08-24T08:00:00+00:00,0.7164,0.71654,0.71587,0.71589,5369
2026-08-24T08:30:00+00:00,0.71589,0.71638,0.7158,0.71603,2953
2026-08-24T09:00:00+00:00,0.71603,0.71632,0.716,0.71616,2384
2026-08-24T09:30:00+00:00,0.71616,0.71645,0.71605,0.71634,2383
2026-08-24T10:00:00+00:00,0.71634,0.71655,0.71631,0.71642,2490
2026-08-24T10:30:00+00:00,0.71642,0.71645,0.71594,0.71597,2426
2026-08-24T11:00:00+00:00,0.71597,0.71617,0.71574,0.71605,2698
2026-08-24T11:30:00+00:00,0.71605,0.71692,0.71602,0.71646,6153
2026-08-24T12:00:00+00:00,0.71646,0.7167,0.71593,0.71669,3948
2026-08-24T12:30:00+00:00,0.71669,0.71678,0.71603,0.71619,4546
2026-08-24T13:00:00+00:00,0.71619,0.71677,0.71619,0.71657,4495
2026-08-24T13:30:00+00:00,0.71657,0.71676,0.716,0.71641,6505
2026-08-24T14:00:00+00:00,0.71641,0.71642,0.71585,0.71616,4951
2026-08-24T14:30:00+00:00,0.71616,0.7162,0.71531,0.71534,4624
2026-08-24T15:00:00+00:00,0.71534,0.71574,0.71513,0.71558,4437
2026-08-24T15:30:00+00:00,0.71558,0.71564,0.71492,0.71504,4584
2026-08-24T16:00:00+00:00,0.71504,0.71542,0.71499,0.7151,4160
2026-08-24T16:30:00+00:00,0.7151,0.71518,0.7149,0.71492,2317
2026-08-24T17:00:00+00:00,0.71492,0.71522,0.71428,0.71441,5771
2026-08-24T17:30:00+00:00,0.71441,0.71457,0.71404,0.71429,2950
2026-08-24T18:00:00+00:00,0.71429,0.71504,0.71424,0.71503,2789
2026-08-24T18:30:00+00:00,0.71503,0.71507,0.71456,0.71474,2562
2026-08-24T19:00:00+00:00,0.71474,0.71482,0.7146,0.71464,1576
2026-08-24T19:30:00+00:00,0.71464,0.71492,0.71462,0.71482,1593
2026-08-24T20:00:00+00:00,0.71482,0.71494,0.71476,0.71485,858
2026-08-24T20:30:00+00:00,0.71485,0.71501,0.7148,0.71492,615
2026-08-24T21:00:00+00:00,0.71492,0.71493,0.71429,0.71487,727
2026-08-24T21:30:00+00:00,0.71487,0.71488,0.71468,0.71474,613
2026-08-24T22:00:00+00:00,0.71474,0.71512,0.71474,0.71496,592
2026-08-24T22:30:00+00:00,0.71496,0.71506,0.71494,0.71497,459
2026-08-24T23:00:00+00:00,0.71497,0.71503,0.71487,0.71488,597
2026-08-24T23:30:00+00:00,0.71488,0.71549,0.71488,0.7154,1160
2026-08-25T00:00:00+00:00,0.7154,0.71574,0.71536,0.71564,3155
2026-08-25T00:30:00+00:00,0.71564,0.7159,0.71544,0.7158,3449
2026-08-25T01:00:00+00:00,0.7158,0.71589,0.71526,0.71562,3468
2026-08-25T01:30:00+00:00,0.71562,0.71571,0.71511,0.71521,3380
2026-08-25T02:00:00+00:00,0.71521,0.71553,0.71512,0.71553,3132
2026-08-25T02:30:00+00:00,0.71553,0.71566,0.71515,0.71526,3435
2026-08-25T03:00:00+00:00,0.71526,0.71569,0.71515,0.71547,3135
2026-08-25T03:30:00+00:00,0.71547,0.7156,0.71508,0.71508,2094
2026-08-25T04:00:00+00:00,0.71508,0.71511,0.71459,0.71468,1937
2026-08-25T04:30:00+00:00,0.71468,0.7149,0.71459,0.71488,1790
2026-08-25T05:00:00+00:00,0.71488,0.71531,0.71484,0.71525,1641
2026-08-25T05:30:00+00:00,0.71525,0.7153,0.71476,0.71485,2594
2026-08-25T06:00:00+00:00,0.71485,0.71511,0.71471,0.71479,3309
2026-08-25T06:30:00+00:00,0.71479,0.71506,0.71425,0.71444,2778
2026-08-25T07:00:00+00:00,0.71444,0.7148,0.71435,0.71463,2970
2026-08-25T07:30:00+00:00,0.71463,0.71464,0.71423,0.71433,2388
2026-08-25T08:00:00+00:00,0.71433,0.71508,0.71376,0.71462,5101
2026-08-25T08:30:00+00:00,0.71462,0.71488,0.71432,0.71485,3761
2026-08-25T09:00:00+00:00,0.71485,0.71522,0.71476,0.71491,4125
2026-08-25T09:30:00+00:00,0.71491,0.7157,0.71483,0.71542,5005
2026-08-25T10:00:00+00:00,0.71542,0.71542,0.71493,0.71504,2466
2026-08-25T10:30:00+00:00,0.71504,0.71532,0.71498,0.71528,2408
2026-08-25T11:00:00+00:00,0.71528,0.71542,0.71499,0.71538,2662
2026-08-25T11:30:00+00:00,0.71538,0.7158300000000001,0.71534,0.71541,2799
2026-08-25T12:00:00+00:00,0.71541,0.71555,0.7151700000000001,0.7153100000000001,4004
2026-08-25T12:30:00+00:00,0.7153100000000001,0.7155000000000001,0.7150000000000001,0.71547,3635
2026-08-25T13:00:00+00:00,0.71547,0.7162800000000001,0.7152700000000001,0.7157400000000002,4990
2026-08-25T13:30:00+00:00,0.7157400000000002,0.7160600000000001,0.7154000000000001,0.7158200000000001,4819
2026-08-25T14:00:00+00:00,0.7158200000000001,0.7158800000000001,0.7155400000000001,0.7158000000000001,5148
2026-08-25T14:30:00+00:00,0.7158000000000001,0.7164100000000001,0.7153300000000001,0.7156800000000001,5631
2026-08-25T15:00:00+00:00,0.7156800000000001,0.7157800000000001,0.7153200000000001,0.7155200000000002,3045
2026-08-25T15:30:00+00:00,0.7155200000000002,0.7161900000000001,0.7155100000000001,0.7159800000000001,4818
2026-08-25T16:00:00+00:00,0.7159800000000001,0.7160700000000001,0.7155400000000001,0.7155800000000001,2765
2026-08-25T16:30:00+00:00,0.7155800000000001,0.7157400000000002,0.7154200000000001,0.7155700000000002,2526
2026-08-25T17:00:00+00:00,0.7155700000000002,0.71564,0.7153400000000001,0.7155200000000002,2158
2026-08-25T17:30:00+00:00,0.7155200000000002,0.7158300000000001,0.7154600000000001,0.7157900000000001,1813
2026-08-25T18:00:00+00:00,0.7157900000000001,0.7158700000000001,0.7156800000000001,0.7158500000000001,1911
2026-08-25T18:30:00+00:00,0.7158500000000001,0.7160200000000002,0.7158300000000001,0.7159600000000002,1566
2026-08-25T19:00:00+00:00,0.7159600000000002,0.7163100000000002,0.7158800000000002,0.7160600000000003,1835
2026-08-25T19:30:00+00:00,0.7160600000000003,0.7166000000000002,0.7159300000000002,0.7165100000000002,2230
2026-08-25T20:00:00+00:00,0.7165100000000002,0.7168500000000002,0.7164500000000001,0.7167300000000002,1603
2026-08-25T20:30:00+00:00,0.7167300000000002,0.7168100000000002,0.7160200000000002,0.7160800000000002,895
2026-08-25T21:00:00+00:00,0.7160800000000002,0.7160800000000002,0.71557,0.71562,542
2026-08-25T21:30:00+00:00,0.71562,0.71615,0.71562,0.7160699999999999,1963
2026-08-25T22:00:00+00:00,0.7160699999999999,0.71642,0.7160599999999999,0.71623,1050
2026-08-25T22:30:00+00:00,0.71623,0.7165,0.71623,0.7165,552
2026-08-25T23:00:00+00:00,0.7165,0.71654,0.71641,0.71647,741
2026-08-25T23:30:00+00:00,0.71647,0.71661,0.71635,0.71641,1123
2026-08-26T00:00:00+00:00,0.71641,0.71689,0.71626,0.71652,2876
2026-08-26T00:30:00+00:00,0.71652,0.71666,0.71622,0.71624,2812
2026-08-26T01:00:00+00:00,0.71624,0.71639,0.71595,0.71595,3752
2026-08-26T01:30:00+00:00,0.71595,0.71815,0.71595,0.71764,8366
2026-08-26T02:00:00+00:00,0.71764,0.71814,0.71755,0.71802,4474
2026-08-26T02:30:00+00:00,0.71802,0.71848,0.71774,0.71784,3314
2026-08-26T03:00:00+00:00,0.71784,0.71837,0.71778,0.71831,2791
2026-08-26T03:30:00+00:00,0.71831,0.71864,0.71812,0.7182,2363
2026-08-26T04:00:00+00:00,0.7182,0.71832,0.71793,0.71793,1625
2026-08-26T04:30:00+00:00,0.71793,0.71801,0.71748,0.7177,1773
2026-08-26T05:00:00+00:00,0.7177,0.71809,0.71769,0.71804,1959
2026-08-26T05:30:00+00:00,0.71804,0.71839,0.71801,0.71826,2814
2026-08-26T06:00:00+00:00,0.71826,0.71848,0.71785,0.71785,3368
2026-08-26T06:30:00+00:00,0.71785,0.71799,0.71737,0.71783,3422
2026-08-26T07:00:00+00:00,0.71783,0.71812,0.71763,0.71772,4298
2026-08-26T07:30:00+00:00,0.71772,0.71812,0.71768,0.718,3226
2026-08-26T08:00:00+00:00,0.718,0.71855,0.71792,0.71837,3077
2026-08-26T08:30:00+00:00,0.71837,0.71837,0.71796,0.7181,2521
2026-08-26T09:00:00+00:00,0.7181,0.71825,0.71778,0.71786,2836
2026-08-26T09:30:00+00:00,0.71786,0.71821,0.71786,0.71812,2135
2026-08-26T10:00:00+00:00,0.71812,0.71822,0.71797,0.71804,2075
2026-08-26T10:30:00+00:00,0.71804,0.71822,0.71793,0.71801,1839
2026-08-26T11:00:00+00:00,0.71801,0.71822,0.71793,0.71808,2442
2026-08-26T11:30:00+00:00,0.71808,0.71847,0.71807,0.71845,2837
2026-08-26T12:00:00+00:00,0.71845,0.71877,0.71844,0.71862,2645
2026-08-26T12:30:00+00:00,0.71862,0.71889,0.7176,0.71768,6331
2026-08-26T13:00:00+00:00,0.71768,0.71777,0.71727,0.71764,5613
2026-08-26T13:30:00+00:00,0.71764,0.71799,0.71739,0.71756,6195
2026-08-26T14:00:00+00:00,0.71756,0.71759,0.71681,0.71685,5856
2026-08-26T14:30:00+00:00,0.71685,0.71733,0.71651,0.71652,4346
2026-08-26T15:00:00+00:00,0.71652,0.71682,0.71644,0.7167,4082
2026-08-26T15:30:00+00:00,0.7167,0.71703,0.7166,0.71679,3888
2026-08-26T16:00:00+00:00,0.71679,0.7171500000000001,0.7167,0.71696,3348
2026-08-26T16:30:00+00:00,0.71696,0.71706,0.71657,0.7167600000000001,3446
2026-08-26T17:00:00+00:00,0.7167600000000001,0.71723,0.71669,0.7172200000000001,1984
2026-08-26T17:30:00+00:00,0.7172200000000001,0.7173600000000001,0.71706,0.71718,2832
2026-08-26T18:00:00+00:00,0.71718,0.7173400000000001,0.7170700000000001,0.71709,1648
2026-08-26T18:30:00+00:00,0.71709,0.7171400000000001,0.71699,0.71708,1972
2026-08-26T19:00:00+00:00,0.71708,0.7172700000000001,0.7170500000000001,0.71725,1718
2026-08-26T19:30:00+00:00,0.71725,0.7173,0.71699,0.71728,1918
2026-08-26T20:00:00+00:00,0.71728,0.7173400000000001,0.7171900000000001,0.71725,1690
2026-08-26T20:30:00+00:00,0.71725,0.7174,0.71704,0.71704,1791
2026-08-26T21:00:00+00:00,0.7171,0.71726,0.71617,0.71701,750
2026-08-26T21:30:00+00:00,0.71701,0.71751,0.71681,0.71751,1673
2026-08-26T22:00:00+00:00,0.71751,0.71781,0.71746,0.71766,1085
2026-08-26T22:30:00+00:00,0.71766,0.71801,0.71762,0.71796,863
2026-08-26T23:00:00+00:00,0.71796,0.71831,0.71792,0.718,1144
2026-08-26T23:30:00+00:00,0.718,0.71844,0.718,0.7181,1052
2026-08-27T00:00:00+00:00,0.7181,0.71818,0.7175,0.71795,3507
2026-08-27T00:30:00+00:00,0.71795,0.7181,0.71763,0.71807,3759
2026-08-27T01:00:00+00:00,0.71807,0.71851,0.71792,0.7182499999999999,4270
2026-08-27T01:30:00+00:00,0.7182499999999999,0.7185499999999999,0.71798,0.7183999999999999,3745
2026-08-27T02:00:00+00:00,0.7183999999999999,0.71853,0.7182499999999999,0.71837,2299
2026-08-27T02:30:00+00:00,0.71837,0.71853,0.7181599999999999,0.71827,3022
2026-08-27T03:00:00+00:00,0.71827,0.71846,0.71809,0.7182299999999999,2861
2026-08-27T03:30:00+00:00,0.7182299999999999,0.7182999999999999,0.7181599999999999,0.7182499999999999,1657
2026-08-27T04:00:00+00:00,0.7182499999999999,0.7185699999999999,0.71824,0.7183499999999999,1924
2026-08-27T04:30:00+00:00,0.7183499999999999,0.71856,0.7180799999999999,0.71853,1779
2026-08-27T05:00:00+00:00,0.71853,0.71856,0.71807,0.71836,2462
2026-08-27T05:30:00+00:00,0.71836,0.71842,0.71803,0.7182299999999999,2409
2026-08-27T06:00:00+00:00,0.7182299999999999,0.71864,0.7180099999999999,0.71861,2283
2026-08-27T06:30:00+00:00,0.71861,0.71863,0.7180099999999999,0.71839,3413
2026-08-27T07:00:00+00:00,0.71839,0.7186199999999999,0.7178899999999999,0.7179899999999999,3832
2026-08-27T07:30:00+00:00,0.7179899999999999,0.71834,0.71793,0.71809,3870
2026-08-27T08:00:00+00:00,0.71809,0.71873,0.7180799999999999,0.71854,3777
2026-08-27T08:30:00+00:00,0.71854,0.7185699999999999,0.71822,0.71829,3576
2026-08-27T09:00:00+00:00,0.71829,0.71837,0.71778,0.71807,3928
2026-08-27T09:30:00+00:00,0.71807,0.71807,0.71753,0.7175699999999999,3223
2026-08-27T10:00:00+00:00,0.7175699999999999,0.71809,0.71751,0.71795,3065
2026-08-27T10:30:00+00:00,0.71795,0.71807,0.7177,0.71795,2952
2026-08-27T11:00:00+00:00,0.71795,0.71817,0.7178399999999999,0.71807,3155
2026-08-27T11:30:00+00:00,0.71807,0.71866,0.7180399999999999,0.71864,3558
2026-08-27T12:00:00+00:00,0.71864,0.71925,0.71863,0.719,4170
2026-08-27T12:30:00+00:00,0.719,0.71915,0.71842,0.7187199999999999,3416
2026-08-27T13:00:00+00:00,0.7187199999999999,0.7195499999999999,0.71858,0.71937,4367
2026-08-27T13:30:00+00:00,0.71937,0.71944,0.7186899999999999,0.71922,6609
2026-08-27T14:00:00+00:00,0.71922,0.71953,0.71897,0.71919,5712
2026-08-27T14:30:00+00:00,0.71919,0.71958,0.7187899999999999,0.7191299999999999,5889
2026-08-27T15:00:00+00:00,0.7191299999999999,0.71946,0.7190799999999999,0.7193799999999999,4323
2026-08-27T15:30:00+00:00,0.7193799999999999,0.7197699999999999,0.7193299999999999,0.7197199999999999,3074
2026-08-27T16:00:00+00:00,0.7197199999999999,0.7197899999999999,0.7192999999999999,0.71946,2811
2026-08-27T16:30:00+00:00,0.71946,0.7197399999999999,0.71946,0.7196699999999999,2288
2026-08-27T17:00:00+00:00,0.7196699999999999,0.7197399999999999,0.7195499999999999,0.71964,2073
2026-08-27T17:30:00+00:00,0.71964,0.71968,0.71946,0.71959,2550
2026-08-27T18:00:00+00:00,0.71959,0.7196199999999999,0.71922,0.7192299999999999,3177
2026-08-27T18:30:00+00:00,0.7192299999999999,0.7195199999999999,0.7192,0.71949,2230
2026-08-27T19:00:00+00:00,0.71949,0.7196199999999999,0.71937,0.71941,2530
2026-08-27T19:30:00+00:00,0.71941,0.71961,0.71937,0.7195199999999999,2044
2026-08-27T20:00:00+00:00,0.7195199999999999,0.71963,0.71944,0.71944,1215
2026-08-27T20:30:00+00:00,0.71944,0.71956,0.71925,0.71925,899
2026-08-27T21:00:00+00:00,0.71925,0.71946,0.71877,0.71935,508
2026-08-27T21:30:00+00:00,0.71935,0.71945,0.71927,0.71945,223
2026-08-27T22:00:00+00:00,0.71945,0.71964,0.7194,0.71949,718
2026-08-27T22:30:00+00:00,0.71949,0.71954,0.7194,0.7195,424
2026-08-27T23:00:00+00:00,0.7195,0.71951,0.7193,0.71936,556
2026-08-27T23:30:00+00:00,0.71936,0.71958,0.71935,0.71954,697
2026-08-28T00:00:00+00:00,0.71954,0.71977,0.71947,0.71976,2209
2026-08-28T00:30:00+00:00,0.71976,0.71989,0.71951,0.71962,1919
2026-08-28T01:00:00+00:00,0.71962,0.72003,0.7195,0.71963,2938
2026-08-28T01:30:00+00:00,0.71963,0.72001,0.71958,0.71968,2703
2026-08-28T02:00:00+00:00,0.71968,0.72037,0.71964,0.72004,2221
2026-08-28T02:30:00+00:00,0.72004,0.72046,0.71992,0.72037,2052
2026-08-28T03:00:00+00:00,0.72037,0.72048,0.72031,0.72046,1534
2026-08-28T03:30:00+00:00,0.72046,0.72047,0.71996,0.72011,1474
2026-08-28T04:00:00+00:00,0.72011,0.72023,0.71999,0.72005,1504
2026-08-28T04:30:00+00:00,0.72005,0.72005,0.71976,0.71982,1336
2026-08-28T05:00:00+00:00,0.71982,0.71992,0.71941,0.71957,1737
2026-08-28T05:30:00+00:00,0.71957,0.71971,0.71931,0.71947,2434
2026-08-28T06:00:00+00:00,0.71947,0.72005,0.71946,0.72001,2750
2026-08-28T06:30:00+00:00,0.72001,0.72017,0.71943,0.71991,3455
2026-08-28T07:00:00+00:00,0.71991,0.71993,0.71921,0.71938,3307
2026-08-28T07:30:00+00:00,0.71938,0.71977,0.71937,0.71955,2539
2026-08-28T08:00:00+00:00,0.71955,0.71968,0.71931,0.71942,2963
2026-08-28T08:30:00+00:00,0.71942,0.71954,0.71924,0.71933,2815
2026-08-28T09:00:00+00:00,0.71933,0.71963,0.7192,0.71959,2380
2026-08-28T09:30:00+00:00,0.71959,0.71977,0.71946,0.71964,2302
2026-08-28T10:00:00+00:00,0.71964,0.71993,0.71961,0.71988,2530
2026-08-28T10:30:00+00:00,0.71988,0.72002,0.71972,0.72001,2144
2026-08-28T11:00:00+00:00,0.72001,0.72002,0.71953,0.7196,2565
2026-08-28T11:30:00+00:00,0.7196,0.71967,0.71932,0.71932,2471
2026-08-28T12:00:00+00:00,0.71932,0.71978,0.71927,0.71956,2828
2026-08-28T12:30:00+00:00,0.71956,0.72014,0.71927,0.72013,4369
2026-08-28T13:00:00+00:00,0.72013,0.72031,0.71965,0.71972,3107
2026-08-28T13:30:00+00:00,0.71972,0.72005,0.71913,0.71914,3454
2026-08-28T14:00:00+00:00,0.71914,0.72074,0.71646,0.71716,20190
2026-08-28T14:30:00+00:00,0.71716,0.71871,0.71713,0.71839,11923
2026-08-28T15:00:00+00:00,0.71839,0.71855,0.71717,0.71731,7603
2026-08-28T15:30:00+00:00,0.71731,0.71744,0.71635,0.7164,7459
2026-08-28T16:00:00+00:00,0.7164,0.71653,0.71555,0.71589,7554
2026-08-28T16:30:00+00:00,0.71589,0.71629,0.71572,0.71605,6341
2026-08-28T17:00:00+00:00,0.71605,0.71616,0.71568,0.71598,4954
2026-08-28T17:30:00+00:00,0.71598,0.71599,0.71561,0.71576,3437
2026-08-28T18:00:00+00:00,0.71576,0.71591,0.71555,0.71575,2840
2026-08-28T18:30:00+00:00,0.71575,0.71589,0.7156,0.71587,3125
2026-08-28T19:00:00+00:00,0.71587,0.71624,0.71582,0.71622,2309
2026-08-28T19:30:00+00:00,0.71622,0.71648,0.71613,0.71629,2081
2026-08-28T20:00:00+00:00,0.71629,0.71631,0.71602,0.71606,1282
2026-08-28T20:30:00+00:00,0.71606,0.71619,0.71581,0.71591,825
2026-08-30T21:00:00+00:00,0.71518,0.71585,0.71518,0.71562,184
2026-08-30T21:30:00+00:00,0.71562,0.716,0.71562,0.71579,538
2026-08-30T22:00:00+00:00,0.71579,0.71615,0.7156399999999999,0.71602,1044
2026-08-30T22:30:00+00:00,0.71602,0.71616,0.71596,0.7160299999999999,959
2026-08-30T23:00:00+00:00,0.7160299999999999,0.71617,0.71599,0.71607,1330
2026-08-30T23:30:00+00:00,0.71607,0.71622,0.71581,0.7159099999999999,2153
2026-08-31T00:00:00+00:00,0.7159099999999999,0.7161699999999999,0.7153899999999999,0.7155199999999999,5231
2026-08-31T00:30:00+00:00,0.7155199999999999,0.7164499999999999,0.7155099999999999,0.7163299999999999,4068
2026-08-31T01:00:00+00:00,0.7163299999999999,0.7163799999999999,0.7158499999999999,0.7161799999999999,4940
2026-08-31T01:30:00+00:00,0.7161799999999999,0.7168199999999999,0.7160399999999999,0.7166199999999999,4430
2026-08-31T02:00:00+00:00,0.7166199999999999,0.7167899999999999,0.7162199999999999,0.7166399999999999,4792
2026-08-31T02:30:00+00:00,0.7166399999999999,0.7166999999999999,0.7160699999999999,0.7166099999999999,3883
2026-08-31T03:00:00+00:00,0.7166099999999999,0.7170799999999999,0.7165999999999999,0.7168399999999999,2624
2026-08-31T03:30:00+00:00,0.7168399999999999,0.7168799999999999,0.7165399999999998,0.7167099999999998,2147
2026-08-31T04:00:00+00:00,0.7167099999999998,0.7167399999999999,0.7163899999999999,0.7164899999999998,2189
2026-08-31T04:30:00+00:00,0.7164899999999998,0.7166199999999999,0.7164099999999999,0.7165999999999999,1949
2026-08-31T05:00:00+00:00,0.7165999999999999,0.7166299999999999,0.7162499999999999,0.7165999999999999,2444
2026-08-31T05:30:00+00:00,0.7165999999999999,0.7166199999999999,0.7162499999999999,0.7166099999999999,2815
2026-08-31T06:00:00+00:00,0.7166099999999999,0.7167199999999999,0.7162199999999999,0.7164199999999998,3350
2026-08-31T06:30:00+00:00,0.7164199999999998,0.7165199999999999,0.7159499999999999,0.7161599999999999,3242
2026-08-31T07:00:00+00:00,0.7161599999999999,0.7164699999999999,0.7158699999999999,0.7161999999999998,4082
2026-08-31T07:30:00+00:00,0.7161999999999998,0.7161999999999998,0.7157799999999999,0.7160399999999999,3195
2026-08-31T08:00:00+00:00,0.7160399999999999,0.7164699999999999,0.7157499999999999,0.7158599999999999,4176
2026-08-31T08:30:00+00:00,0.7158599999999999,0.7159499999999999,0.7155999999999999,0.7157999999999999,2986
2026-08-31T09:00:00+00:00,0.7157999999999999,0.7160699999999999,0.7157099999999998,0.7159099999999999,2996
2026-08-31T09:30:00+00:00,0.7159099999999999,0.7161299999999999,0.7158399999999999,0.7160699999999999,2956
2026-08-31T10:00:00+00:00,0.7160699999999999,0.7162799999999999,0.7159599999999999,0.7160199999999999,3538
2026-08-31T10:30:00+00:00,0.7160199999999999,0.7160199999999999,0.7155899999999998,0.7156199999999999,2481
2026-08-31T11:00:00+00:00,0.7156199999999999,0.7163699999999998,0.7154599999999999,0.7163199999999998,2908
2026-08-31T11:30:00+00:00,0.7163199999999998,0.7163699999999998,0.7159299999999998,0.7160299999999999,3503
2026-08-31T12:00:00+00:00,0.7160299999999999,0.7165799999999999,0.7157999999999999,0.7161199999999999,4808
2026-08-31T12:30:00+00:00,0.7161199999999999,0.7161299999999999,0.7154599999999999,0.7158999999999999,5109
2026-08-31T13:00:00+00:00,0.7158999999999999,0.7164999999999999,0.7157899999999999,0.7164199999999998,4257
2026-08-31T13:30:00+00:00,0.7164199999999998,0.7164699999999999,0.7159799999999998,0.7161899999999999,5200
2026-08-31T14:00:00+00:00,0.7161899999999999,0.7166599999999999,0.7159599999999999,0.7165099999999999,4537
2026-08-31T14:30:00+00:00,0.7165099999999999,0.7170199999999999,0.7162199999999999,0.7164699999999999,7106
2026-08-31T15:00:00+00:00,0.7164699999999999,0.7166799999999999,0.7160299999999999,0.7163399999999999,4735
2026-08-31T15:30:00+00:00,0.7163399999999999,0.7167599999999998,0.7163199999999998,0.7165399999999998,3773
2026-08-31T16:00:00+00:00,0.7165399999999998,0.7168999999999999,0.7164999999999999,0.7167499999999999,3349
2026-08-31T16:30:00+00:00,0.7167499999999999,0.7167699999999999,0.7165399999999998,0.7167499999999999,2620
2026-08-31T17:00:00+00:00,0.7167499999999999,0.7167699999999999,0.7164399999999999,0.7164499999999999,1486
2026-08-31T17:30:00+00:00,0.7164499999999999,0.7167899999999999,0.7163999999999999,0.7165499999999999,1562
2026-08-31T18:00:00+00:00,0.7165499999999999,0.7165999999999999,0.7164099999999999,0.7164499999999999,1487
2026-08-31T18:30:00+00:00,0.7164499999999999,0.7165599999999999,0.7163599999999999,0.7163999999999999,2138
2026-08-31T19:00:00+00:00,0.7163999999999999,0.7165499999999999,0.7162999999999999,0.7164599999999999,1973
2026-08-31T19:30:00+00:00,0.7164599999999999,0.7167699999999999,0.7163799999999999,0.7165999999999999,2553
2026-08-31T20:00:00+00:00,0.7165999999999999,0.7167199999999999,0.7164399999999999,0.7164699999999999,1452
2026-08-31T20:30:00+00:00,0.7164699999999999,0.7166899999999999,0.7164099999999999,0.7166099999999999,1330
2026-08-31T21:00:00+00:00,0.7166099999999999,0.7166099999999999,0.7161599999999999,0.7164399999999999,285
2026-08-31T21:30:00+00:00,0.7164399999999999,0.7166199999999999,0.7164199999999998,0.7164699999999999,322
2026-08-31T22:00:00+00:00,0.7164699999999999,0.7167699999999999,0.7164699999999999,0.7165099999999999,730
2026-08-31T22:30:00+00:00,0.7165099999999999,0.7166099999999999,0.7164399999999999,0.7165399999999998,577
2026-08-31T23:00:00+00:00,0.7165399999999998,0.7167699999999999,0.7164999999999999,0.7167499999999999,979
2026-08-31T23:30:00+00:00,0.7167499999999999,0.7170699999999999,0.7166699999999999,0.7170699999999999,1516
2026-09-01T00:00:00+00:00,0.7170699999999999,0.7180699999999999,0.7170099999999999,0.7179599999999999,4277
2026-09-01T00:30:00+00:00,0.7179599999999999,0.7179699999999999,0.7169999999999999,0.7170799999999999,3312
2026-09-01T01:00:00+00:00,0.7170799999999999,0.7170899999999999,0.7166499999999999,0.7166999999999999,4079
2026-09-01T01:30:00+00:00,0.7166999999999999,0.7175099999999999,0.7165699999999999,0.7172399999999999,3559
2026-09-01T02:00:00+00:00,0.7172399999999999,0.7173699999999998,0.7169099999999999,0.7171599999999999,2978
2026-09-01T02:30:00+00:00,0.7171599999999999,0.7173399999999999,0.7168299999999999,0.7173299999999999,2668
2026-09-01T03:00:00+00:00,0.7173299999999999,0.7173399999999999,0.7166099999999999,0.7166999999999999,2380
2026-09-01T03:30:00+00:00,0.7166999999999999,0.7170799999999999,0.7166499999999999,0.7166699999999999,2723
2026-09-01T04:00:00+00:00,0.7166699999999999,0.7168699999999999,0.7165999999999999,0.7166699999999999,1875
2026-09-01T04:30:00+00:00,0.7166699999999999,0.7169199999999999,0.7166099999999999,0.7167599999999998,1858
2026-09-01T05:00:00+00:00,0.7167599999999998,0.7171099999999999,0.7167499999999999,0.7169499999999999,2215
2026-09-01T05:30:00+00:00,0.7169499999999999,0.7171599999999999,0.7168399999999999,0.7168799999999999,3490
2026-09-01T06:00:00+00:00,0.7168799999999999,0.7171099999999999,0.7164499999999999,0.7164999999999999,3343
2026-09-01T06:30:00+00:00,0.7164999999999999,0.7166699999999999,0.7161899999999999,0.7164499999999999,3312
2026-09-01T07:00:00+00:00,0.7164499999999999,0.7165399999999998,0.7160399999999999,0.7160399999999999,3968
2026-09-01T07:30:00+00:00,0.7160399999999999,0.7160399999999999,0.7153399999999999,0.7154399999999999,5464
2026-09-01T08:00:00+00:00,0.7154399999999999,0.7157699999999999,0.7150399999999999,0.7150599999999999,5770
2026-09-01T08:30:00+00:00,0.7150599999999999,0.7150899999999999,0.7142799999999999,0.7143799999999999,4930
2026-09-01T09:00:00+00:00,0.7143799999999999,0.7144999999999999,0.7138999999999999,0.7140399999999999,3770
2026-09-01T09:30:00+00:00,0.7140399999999999,0.7147299999999999,0.7138699999999999,0.7142999999999999,4713
2026-09-01T10:00:00+00:00,0.7142999999999999,0.7146399999999999,0.7142399999999999,0.7145899999999998,3616
2026-09-01T10:30:00+00:00,0.7145899999999998,0.7147099999999998,0.7141799999999999,0.7143699999999998,3120
2026-09-01T11:00:00+00:00,0.7143699999999998,0.7146499999999999,0.7140599999999999,0.7145499999999999,3892
2026-09-01T11:30:00+00:00,0.7145499999999999,0.7147299999999999,0.7143799999999999,0.7144699999999999,3278
2026-09-01T12:00:00+00:00,0.7144699999999999,0.7147499999999999,0.7140599999999999,0.7145999999999999,4852
2026-09-01T12:30:00+00:00,0.7145999999999999,0.7153699999999998,0.7144599999999999,0.7153399999999999,4964
2026-09-01T13:00:00+00:00,0.7153399999999999,0.7153999999999999,0.7145699999999999,0.7148199999999999,4616
2026-09-01T13:30:00+00:00,0.7148199999999999,0.7155099999999999,0.7147599999999998,0.7153499999999999,6135
2026-09-01T14:00:00+00:00,0.7153499999999999,0.7160199999999999,0.7152399999999999,0.7155299999999999,6537
2026-09-01T14:30:00+00:00,0.7155299999999999,0.7158799999999998,0.7150199999999999,0.7154199999999998,6677
2026-09-01T15:00:00+00:00,0.7154199999999998,0.7156599999999999,0.7151899999999999,0.7155699999999999,5421
2026-09-01T15:30:00+00:00,0.7155699999999999,0.7160499999999999,0.7153799999999999,0.7158499999999999,3720
2026-09-01T16:00:00+00:00,0.7158499999999999,0.7158899999999999,0.7151699999999999,0.7152099999999999,5969
2026-09-01T16:30:00+00:00,0.7152099999999999,0.7153199999999998,0.7148999999999999,0.7150199999999999,4307
2026-09-01T17:00:00+00:00,0.7150199999999999,0.7150699999999999,0.7147299999999999,0.7150599999999999,4457
2026-09-01T17:30:00+00:00,0.7150599999999999,0.7151699999999999,0.7145899999999998,0.7146699999999999,3045
2026-09-01T18:00:00+00:00,0.7146699999999999,0.7147299999999999,0.7145199999999999,0.7145699999999999,2284
2026-09-01T18:30:00+00:00,0.7145699999999999,0.7147299999999999,0.7142999999999999,0.7147299999999999,2974
2026-09-01T19:00:00+00:00,0.7147299999999999,0.7147499999999999,0.7145099999999999,0.7145299999999999,2956
2026-09-01T19:30:00+00:00,0.7145299999999999,0.7145999999999999,0.7142799999999999,0.7143099999999999,2616
2026-09-01T20:00:00+00:00,0.7143099999999999,0.7143599999999999,0.7142099999999999,0.7142999999999999,882
2026-09-01T20:30:00+00:00,0.7142999999999999,0.7145799999999999,0.7142899999999999,0.7143899999999999,994
2026-09-01T21:00:00+00:00,0.7143899999999999,0.7143999999999999,0.7142199999999999,0.7143999999999999,261
2026-09-01T21:30:00+00:00,0.7143999999999999,0.7144499999999999,0.7140899999999999,0.7143999999999999,413
2026-09-01T22:00:00+00:00,0.7143999999999999,0.7147499999999999,0.7143999999999999,0.7146299999999999,788
2026-09-01T22:30:00+00:00,0.7146299999999999,0.7147799999999999,0.7145499999999999,0.7146999999999999,659
2026-09-01T23:00:00+00:00,0.7146999999999999,0.7147399999999999,0.7144699999999999,0.7145199999999999,529
2026-09-01T23:30:00+00:00,0.7145199999999999,0.7147199999999999,0.7145099999999999,0.7145299999999999,999
2026-09-02T00:00:00+00:00,0.7145299999999999,0.7147199999999999,0.7141699999999999,0.7142199999999999,5214
2026-09-02T00:30:00+00:00,0.7142199999999999,0.7143299999999999,0.7140399999999999,0.7140899999999999,3271
2026-09-02T01:00:00+00:00,0.7140899999999999,0.7146699999999999,0.7138899999999999,0.7145699999999999,5105
2026-09-02T01:30:00+00:00,0.7145699999999999,0.7152699999999999,0.7145699999999999,0.7148099999999998,6143
2026-09-02T02:00:00+00:00,0.7148099999999998,0.7148699999999999,0.7145599999999999,0.7145599999999999,180
